매입임대고유번호,공공도서관,유치원,어린이집,중고등학교,초등학교,지하철역,주민센터,대학교,병원,버스정류장,대형점포,공연장,공원,신규임대유형
105,1,8,19,3,5,1,3,0,3,38,2,1,2,청년
121,1,8,24,6,5,0,1,1,2,32,2,0,2,청년
122,2,7,36,5,3,1,2,1,3,54,5,6,5,청년
127,2,3,34,3,2,4,4,0,4,57,5,1,5,청년
158,0,5,20,1,3,1,3,0,7,35,4,0,4,신혼부부
162,1,5,18,8,4,0,2,1,4,35,3,1,3,신혼부부
163,1,5,18,8,4,0,2,1,1,36,3,1,3,청년
164,2,4,17,7,3,0,2,2,2,33,2,0,2,청년
166,1,5,24,0,1,0,4,0,0,39,6,0,6,청년
168,1,2,21,5,2,1,3,1,1,53,2,0,2,청년
169,1,2,21,5,3,1,3,1,0,57,2,0,2,청년
178,1,4,23,3,2,2,2,1,2,63,3,0,3,청년
184,3,8,26,0,4,1,5,0,3,64,0,0,0,청년
188,2,7,22,3,3,0,3,0,2,56,0,0,0,청년
189,2,6,23,3,3,0,3,0,2,55,0,0,0,청년
194,3,5,15,3,3,0,4,0,2,53,0,0,0,청년
199,1,3,18,1,2,2,3,0,1,48,2,2,2,청년
200,1,3,19,3,2,2,3,1,2,53,3,0,3,청년
204,0,3,16,1,2,2,2,0,2,39,3,2,3,신혼부부
211,3,9,24,0,4,2,5,0,4,60,1,7,1,신혼부부
212,3,9,25,0,4,2,5,0,4,58,1,0,1,유지
228,0,8,24,6,5,2,2,0,2,46,3,7,3,청년
229,0,8,19,4,4,1,2,0,2,47,2,0,2,청년
230,0,8,19,4,3,2,2,0,2,50,4,7,4,청년
231,0,8,24,5,3,2,2,0,3,49,5,7,5,청년
232,0,10,22,4,3,2,3,0,3,49,5,7,5,청년
236,0,9,16,3,4,2,2,0,1,49,2,0,2,청년
249,0,7,19,3,4,2,1,0,2,48,2,0,2,청년
254,0,5,18,3,3,2,2,0,2,41,1,0,1,청년
255,0,6,16,4,4,2,2,0,2,37,1,0,1,청년
256,0,6,16,4,4,2,2,0,2,40,1,0,1,신혼부부
261,0,6,18,4,4,2,2,0,2,43,1,0,1,신혼부부
262,0,5,19,3,3,2,2,0,2,44,1,0,1,청년
263,0,5,19,3,3,2,2,0,2,44,1,0,1,신혼부부
264,0,6,16,4,4,2,2,0,2,43,0,0,0,신혼부부
268,0,6,16,4,4,2,2,0,2,49,2,0,2,신혼부부
270,0,4,27,1,3,3,1,0,6,58,2,0,2,신혼부부
273,0,4,21,3,4,1,1,0,1,41,1,0,1,청년
275,0,4,21,3,4,1,1,0,1,43,1,0,1,신혼부부
279,2,4,22,5,4,0,2,0,8,45,3,0,3,신혼부부
280,2,5,24,5,4,0,2,0,9,53,3,0,3,신혼부부
284,0,1,17,3,2,0,2,1,1,32,1,0,1,청년
286,0,1,15,4,2,0,2,1,1,37,1,0,1,청년
296,0,4,20,3,3,0,2,0,4,58,5,7,5,청년
297,2,4,27,3,4,0,2,0,7,52,5,0,5,청년
299,0,6,27,3,4,0,2,0,7,55,5,7,5,청년
300,0,5,27,4,4,0,2,0,5,56,5,7,5,청년
303,0,4,23,2,3,1,2,1,4,68,5,7,5,청년
307,1,3,21,3,2,1,3,1,3,64,5,7,5,청년
310,2,8,37,8,5,0,3,0,8,64,2,0,2,청년
312,1,4,3,6,2,0,0,1,0,54,0,5,0,청년
313,3,7,33,2,2,1,2,0,5,83,8,1,8,청년
315,1,10,15,8,3,2,2,2,2,73,6,11,6,청년
316,2,5,11,5,2,2,2,3,0,67,1,121,1,청년
318,0,11,16,4,5,2,1,2,3,79,4,6,4,청년
319,0,11,16,4,5,2,1,2,3,78,4,6,4,청년
320,0,5,11,6,2,3,2,1,4,53,3,3,3,청년
321,0,6,12,6,3,3,2,1,4,57,3,3,3,청년
323,0,6,12,6,3,3,1,2,3,53,3,2,3,신혼부부
324,0,6,15,3,3,2,1,1,4,49,3,1,3,청년
325,1,2,16,3,4,4,1,0,8,53,4,1,4,청년
330,4,11,39,3,3,1,3,0,1,86,6,2,6,신혼부부
340,2,4,30,3,3,0,2,1,0,76,2,0,2,청년
341,2,4,34,3,3,0,2,1,0,74,1,0,1,신혼부부
342,1,6,35,3,3,0,3,1,0,70,3,0,3,청년
343,2,8,36,4,4,0,4,1,1,70,4,0,4,청년
344,2,8,37,3,3,0,4,1,1,68,4,0,4,청년
347,2,7,26,3,4,0,4,0,1,83,4,0,4,유지
352,4,2,13,4,3,0,2,0,1,69,3,0,3,신혼부부
356,0,2,8,0,2,0,1,0,0,33,0,0,0,청년
358,0,2,2,0,2,0,0,0,0,16,0,0,0,신혼부부
373,3,7,21,6,3,1,1,0,2,78,6,2,6,신혼부부
374,2,7,19,4,3,1,1,0,2,82,3,1,3,청년
400,1,6,20,2,4,0,1,0,1,80,2,0,2,신혼부부
408,1,5,12,1,3,2,2,1,0,34,4,3,4,신혼부부
409,4,2,11,4,2,1,2,0,5,72,3,0,3,청년
433,2,4,17,5,4,0,1,0,0,64,1,0,1,신혼부부
438,1,3,13,2,3,0,2,0,0,88,0,2,0,청년
439,1,5,14,5,5,0,2,0,0,85,1,2,1,청년
452,1,6,18,1,3,1,2,1,5,89,5,3,5,청년
454,1,7,22,2,2,1,6,0,6,78,7,1,7,청년
455,1,7,21,2,2,1,6,0,6,79,7,1,7,청년
457,1,7,24,1,2,1,6,0,7,70,9,1,9,청년
462,1,9,16,3,2,0,3,1,1,70,1,0,1,신혼부부
469,1,5,12,1,2,0,3,1,0,42,1,2,1,청년
473,0,7,15,1,2,0,3,0,2,57,2,3,2,청년
474,0,7,15,2,2,0,4,0,2,54,5,3,5,청년
478,0,7,15,1,2,0,3,1,2,68,3,3,3,신혼부부
479,0,7,16,1,2,0,3,1,2,74,2,3,2,청년
494,1,4,14,5,3,0,1,1,0,74,5,0,5,신혼부부
508,0,4,11,1,2,0,1,1,1,60,1,2,1,유지
509,0,3,7,1,1,0,2,0,1,44,0,2,0,신혼부부
510,0,4,6,1,2,0,2,0,1,56,0,2,0,청년
511,0,4,10,1,2,0,2,0,1,49,0,2,0,청년
515,1,3,7,1,2,0,2,0,0,35,0,2,0,청년
516,1,3,9,1,2,0,2,0,0,37,0,2,0,청년
517,1,3,9,1,2,0,2,0,0,38,0,2,0,청년
537,1,2,8,3,1,0,0,1,4,33,0,1,0,청년
543,1,2,8,1,1,0,0,1,4,33,0,1,0,청년
544,1,2,8,1,1,0,0,1,4,29,0,1,0,청년
552,2,8,31,6,4,1,3,0,3,57,2,2,2,청년
553,2,8,33,6,4,1,2,0,3,57,3,2,3,청년
557,2,6,24,5,3,1,3,0,2,67,7,0,7,청년
560,2,6,19,7,5,1,3,0,2,70,0,0,0,청년
561,1,8,13,8,4,0,4,1,1,57,1,0,1,청년
562,2,7,11,9,4,0,4,0,1,58,1,0,1,청년
564,2,6,19,4,3,1,2,0,2,64,1,0,1,청년
566,2,7,13,6,3,1,3,0,3,64,3,0,3,청년
567,2,9,14,3,2,0,3,1,2,58,1,0,1,청년
568,2,7,12,3,3,0,4,1,2,63,1,0,1,청년
569,1,4,12,3,1,0,1,1,4,39,1,1,1,청년
570,1,8,13,7,5,0,3,1,0,61,1,0,1,청년
571,1,6,13,6,4,0,3,1,0,60,1,0,1,청년
572,3,7,16,5,5,0,3,1,1,64,0,0,0,청년
587,0,11,34,2,5,0,4,0,7,67,3,2,3,청년
589,0,11,33,1,5,0,4,0,7,58,4,2,4,청년
594,0,1,12,1,3,0,2,0,4,47,0,0,0,청년
598,0,1,15,2,3,0,1,0,3,38,0,0,0,신혼부부
599,0,1,15,2,3,0,1,0,3,39,0,0,0,청년
602,1,0,17,2,2,0,1,0,3,38,2,0,2,청년
606,0,1,13,1,1,0,3,0,3,57,1,0,1,청년
607,0,1,15,1,1,0,3,0,3,58,1,0,1,청년
610,0,1,13,1,3,0,2,0,5,48,1,0,1,청년
612,0,3,21,2,3,0,2,0,3,47,1,0,1,청년
613,1,4,24,2,2,0,2,0,4,49,4,0,4,유지
616,1,4,24,2,2,0,2,0,4,56,5,0,5,청년
621,0,1,13,2,2,0,3,0,5,57,2,0,2,유지
622,0,3,17,2,2,0,3,0,5,63,2,0,2,청년
625,0,4,16,2,2,0,3,0,5,64,2,0,2,청년
626,0,3,21,2,3,0,2,0,6,58,2,0,2,청년
627,0,6,25,2,3,0,5,0,5,66,3,0,3,청년
629,0,7,21,3,4,0,4,0,6,68,2,0,2,청년
630,0,5,24,2,3,0,5,0,7,67,3,0,3,청년
631,0,7,27,1,2,0,3,0,5,69,3,0,3,청년
632,1,5,33,2,2,0,3,0,5,69,5,0,5,청년
633,1,5,35,3,3,0,3,0,6,72,6,0,6,청년
634,1,5,33,2,3,0,3,0,6,70,5,0,5,청년
637,0,4,24,1,3,0,2,0,6,60,3,0,3,청년
638,0,5,25,2,3,0,2,0,6,61,3,0,3,청년
639,2,7,25,4,4,1,3,0,4,60,2,4,2,청년
640,1,4,24,1,2,0,3,0,2,42,6,0,6,신혼부부
642,0,6,12,3,4,0,2,0,1,69,1,0,1,신혼부부
648,1,5,25,1,3,0,2,0,3,59,6,0,6,청년
649,1,4,26,1,3,0,2,0,2,43,6,0,6,청년
650,1,4,26,1,3,0,2,0,2,43,6,0,6,청년
654,1,3,27,2,1,1,3,0,2,45,6,0,6,청년
656,1,5,27,1,2,1,2,0,6,64,10,0,10,신혼부부
659,1,3,29,3,2,1,2,0,1,50,6,0,6,청년
662,1,2,15,2,1,1,0,0,0,34,1,1,1,신혼부부
664,3,3,18,2,2,1,1,0,0,53,1,0,1,청년
668,2,2,15,2,1,1,1,0,0,41,1,1,1,청년
669,2,3,15,2,2,1,1,0,0,41,1,1,1,청년
675,0,3,17,2,2,0,2,0,3,60,1,0,1,신혼부부
677,0,3,16,1,2,0,2,0,3,59,1,0,1,청년
678,0,3,15,1,2,0,3,0,3,55,1,0,1,청년
681,0,2,14,1,1,0,3,0,3,59,1,0,1,청년
682,0,2,16,1,1,0,3,0,3,60,2,0,2,청년
683,0,2,17,1,1,0,3,0,3,62,1,0,1,청년
684,0,2,18,1,1,0,2,0,3,60,1,0,1,청년
685,0,2,18,1,1,0,2,0,3,59,1,0,1,청년
687,0,4,26,2,3,0,3,0,3,60,2,0,2,청년
688,0,7,30,2,2,0,2,0,3,61,2,0,2,신혼부부
692,2,5,24,5,6,0,1,2,0,73,3,1,3,청년
693,2,5,21,9,6,0,1,2,0,77,2,1,2,청년
700,1,8,32,1,3,4,2,0,6,65,4,0,4,청년
703,2,9,14,6,2,1,2,1,1,56,2,0,2,신혼부부
706,2,10,19,6,5,1,3,1,2,70,4,1,4,신혼부부
710,0,3,6,0,2,1,1,0,0,14,0,0,0,신혼부부
712,0,3,24,3,4,0,2,0,0,43,3,0,3,신혼부부
713,2,4,25,3,4,1,2,0,0,45,5,0,5,신혼부부
716,0,6,27,3,5,2,2,0,2,44,6,0,6,신혼부부
722,3,7,33,5,5,1,4,0,2,52,6,0,6,신혼부부
725,2,7,30,4,7,1,3,0,5,65,6,0,6,신혼부부
726,3,8,32,5,7,1,3,0,5,64,6,0,6,신혼부부
728,2,8,38,4,5,2,4,0,11,60,4,1,4,신혼부부
729,3,8,32,5,4,2,4,0,10,64,5,1,5,신혼부부
730,3,8,33,5,4,2,4,0,10,62,5,1,5,청년
737,2,7,38,4,6,2,4,0,4,73,4,0,4,신혼부부
738,2,7,36,4,6,1,4,0,3,69,4,0,4,신혼부부
739,2,7,38,4,6,1,4,0,4,73,4,0,4,신혼부부
740,2,6,39,4,5,2,4,0,4,76,4,0,4,신혼부부
741,2,7,33,4,6,1,3,0,0,61,4,0,4,신혼부부
742,2,7,33,4,6,1,3,0,0,62,4,0,4,신혼부부
764,1,7,43,4,3,1,2,0,4,64,1,0,1,신혼부부
765,2,6,37,2,3,1,3,0,4,67,2,0,2,신혼부부
766,2,6,36,2,3,1,2,0,4,69,2,0,2,신혼부부
767,2,6,34,2,3,1,3,0,4,71,1,0,1,신혼부부
768,2,6,33,3,3,1,3,0,4,66,1,0,1,신혼부부
770,2,8,32,3,3,1,1,0,1,62,2,0,2,신혼부부
771,2,8,32,3,3,1,1,0,1,63,2,0,2,신혼부부
775,1,4,5,3,2,0,2,0,0,22,1,2,1,신혼부부
776,1,4,7,3,2,0,2,0,0,23,1,2,1,신혼부부
778,0,6,24,0,3,4,3,0,5,52,3,1,3,신혼부부
779,0,6,23,0,3,4,3,0,5,45,3,1,3,신혼부부
781,0,6,27,1,2,1,2,0,5,65,5,1,5,청년
782,0,5,25,0,4,3,3,0,6,64,3,1,3,청년
787,1,4,9,2,3,1,0,0,1,26,1,0,1,청년
788,1,4,12,4,4,1,0,0,1,29,3,0,3,청년
789,1,4,9,2,3,1,0,0,1,27,1,0,1,신혼부부
790,1,5,14,2,3,1,0,0,1,35,3,0,3,청년
796,2,3,11,5,3,0,0,0,2,53,2,0,2,청년
800,1,6,14,5,5,0,0,0,1,56,0,0,0,신혼부부
801,1,5,12,5,3,0,1,0,2,62,2,0,2,신혼부부
805,0,6,14,8,2,0,2,0,0,36,1,0,1,신혼부부
807,0,4,12,8,2,0,2,0,2,47,0,0,0,신혼부부
810,0,4,13,8,2,2,2,0,2,60,1,0,1,신혼부부
813,1,5,17,7,4,2,2,0,2,65,4,0,4,청년
817,1,8,23,11,5,1,3,0,2,73,2,0,2,청년
818,1,8,23,11,5,1,3,0,2,72,2,0,2,청년
820,0,8,22,11,5,3,4,0,3,69,6,0,6,청년
822,0,7,17,8,3,0,2,0,1,56,1,0,1,청년
827,0,7,17,8,3,0,3,0,2,58,1,0,1,신혼부부
829,1,6,15,9,3,0,1,0,1,49,2,0,2,청년
831,1,5,23,7,3,0,2,0,2,58,1,0,1,신혼부부
834,0,2,8,5,2,0,0,0,0,20,1,0,1,청년
841,1,7,15,3,4,3,3,0,3,71,6,0,6,신혼부부
843,0,8,19,5,4,3,2,0,3,69,6,0,6,신혼부부
845,0,4,25,1,2,2,2,0,4,45,1,1,1,신혼부부
850,0,5,27,2,2,0,2,0,2,58,3,0,3,청년
851,0,7,28,2,3,0,2,0,2,59,3,0,3,신혼부부
852,0,8,29,2,3,0,2,0,2,62,3,0,3,신혼부부
854,1,7,24,2,4,2,2,0,2,82,4,0,4,신혼부부
855,1,6,24,2,4,1,2,0,2,76,4,0,4,신혼부부
864,1,7,24,6,3,2,3,0,2,68,3,0,3,신혼부부
866,1,5,25,4,4,2,1,1,4,71,4,0,4,신혼부부
873,1,6,29,4,3,2,1,0,4,75,4,0,4,신혼부부
875,0,6,26,2,3,2,3,1,3,71,3,1,3,신혼부부
880,1,7,26,7,3,0,2,1,4,62,2,0,2,청년
881,1,7,27,7,3,0,2,1,4,64,2,0,2,청년
882,1,7,27,7,3,0,2,1,5,65,2,0,2,신혼부부
884,1,7,28,1,2,1,2,1,3,75,3,0,3,청년
887,0,3,20,1,2,1,2,1,4,60,2,0,2,청년
888,0,6,30,2,2,1,2,1,4,79,4,0,4,청년
890,0,7,30,2,2,1,2,1,3,80,4,0,4,청년
891,0,6,30,1,2,1,2,1,3,84,6,0,6,청년
893,0,3,21,1,2,1,2,1,4,57,2,0,2,청년
896,1,6,25,1,5,2,2,1,2,81,5,0,5,신혼부부
898,1,7,21,2,5,2,3,1,2,79,4,0,4,청년
899,1,7,22,1,5,2,3,1,2,81,4,0,4,청년
900,1,7,22,1,5,2,3,1,2,82,4,0,4,신혼부부
901,1,7,23,1,5,2,3,1,2,81,4,0,4,신혼부부
904,1,4,16,3,3,1,3,1,1,58,2,0,2,청년
908,1,5,22,2,2,2,3,0,1,75,5,0,5,신혼부부
911,2,3,22,3,3,2,3,0,1,60,3,0,3,청년
915,0,7,21,1,3,1,4,0,1,68,5,0,5,청년
918,1,4,9,3,2,1,0,0,2,59,3,0,3,청년
922,0,1,4,2,0,0,0,2,2,14,0,3,0,신혼부부
924,0,2,5,0,2,2,0,0,7,64,9,10,9,신혼부부
925,1,3,11,3,2,1,1,0,3,66,1,0,1,청년
926,0,1,4,1,1,0,1,0,5,39,1,2,1,신혼부부
927,0,1,5,1,1,0,1,0,5,43,2,2,2,청년
928,0,1,5,1,1,0,1,0,5,43,2,2,2,신혼부부
930,1,0,10,1,2,0,1,0,2,56,1,0,1,신혼부부
931,0,2,5,1,2,0,2,0,4,52,8,1,8,신혼부부
932,0,4,5,4,1,1,1,0,4,55,8,2,8,신혼부부
933,0,5,19,5,2,0,2,0,2,66,5,1,5,청년
935,1,3,15,1,3,0,2,1,0,57,1,0,1,청년
936,0,3,14,2,1,0,0,0,1,38,0,0,0,신혼부부
939,1,2,6,5,2,0,1,1,2,66,1,0,1,청년
940,0,3,6,5,3,0,1,1,2,64,1,0,1,신혼부부
941,0,3,6,4,3,0,1,1,1,61,1,0,1,신혼부부
942,2,6,14,6,4,0,1,2,0,71,2,0,2,신혼부부
964,1,4,26,2,2,0,2,1,0,55,5,0,5,신혼부부
967,1,7,25,5,5,0,2,2,0,73,3,0,3,신혼부부
972,0,8,41,4,4,3,3,0,2,93,6,1,6,청년
975,1,5,35,7,3,3,2,1,0,55,4,3,4,청년
976,1,5,30,8,3,2,3,1,1,58,3,5,3,청년
977,1,4,21,5,3,2,4,0,1,69,5,4,5,청년
979,1,3,9,0,2,2,1,1,3,92,6,25,6,청년
980,1,5,13,2,4,4,2,1,2,90,5,23,5,청년
981,0,6,17,2,3,2,3,0,1,82,4,12,4,신혼부부
982,0,6,17,2,3,2,3,0,1,83,3,11,3,신혼부부
983,0,4,18,3,3,1,4,0,1,83,3,9,3,청년
987,0,1,16,0,1,3,2,0,0,50,3,6,3,청년
988,0,2,19,0,2,3,3,0,0,76,4,6,4,청년
990,0,2,18,0,2,3,3,0,0,72,4,6,4,청년
991,0,4,23,2,4,3,4,0,0,80,3,6,3,신혼부부
992,0,3,23,2,4,3,3,0,0,81,4,10,4,신혼부부
993,0,2,19,0,3,1,2,0,0,65,1,1,1,청년
995,0,2,19,0,3,1,2,0,0,63,1,1,1,신혼부부
999,1,8,13,6,4,1,3,0,0,79,2,2,2,신혼부부
1002,1,5,18,4,4,1,3,0,1,62,1,0,1,신혼부부
1004,1,5,18,4,4,1,3,0,1,62,1,0,1,청년
1005,1,7,17,7,3,0,3,0,2,68,2,0,2,신혼부부
1009,1,5,18,3,6,2,3,0,1,79,1,1,1,신혼부부
1010,1,6,20,4,6,2,3,0,1,61,1,0,1,신혼부부
1011,1,7,19,6,3,0,2,0,2,64,5,0,5,신혼부부
1013,1,6,23,4,4,2,2,0,8,61,2,0,2,청년
1017,2,6,28,4,4,2,3,0,4,48,1,0,1,청년
1018,2,7,27,3,4,1,3,0,4,52,1,0,1,청년
1020,2,6,29,4,4,2,4,0,3,46,1,0,1,신혼부부
1024,2,5,32,4,3,2,4,0,3,41,1,0,1,신혼부부
1025,1,5,28,3,4,2,2,0,6,54,2,0,2,청년
1026,1,7,28,4,4,3,2,0,7,56,2,0,2,청년
1028,1,7,28,4,4,3,2,0,7,57,2,0,2,청년
1032,1,7,29,3,3,3,3,0,6,51,1,1,1,청년
1033,2,7,23,3,4,2,4,0,4,53,2,1,2,청년
1034,2,7,25,3,4,3,4,0,4,54,3,1,3,청년
1035,2,7,25,4,4,3,4,0,4,54,3,1,3,청년
1036,2,7,27,4,5,3,5,0,5,52,3,1,3,청년
1037,0,3,33,3,5,1,5,0,3,34,1,0,1,청년
1038,0,3,31,3,5,1,3,0,4,40,1,0,1,청년
1042,3,8,27,3,4,0,0,0,1,38,3,0,3,청년
1051,2,6,33,6,4,0,2,0,2,33,3,0,3,청년
1052,2,7,32,6,5,0,2,0,2,33,3,0,3,청년
1059,2,7,34,2,3,0,1,0,4,46,5,0,5,신혼부부
1061,2,6,28,4,2,0,2,0,2,27,4,0,4,청년
1062,2,4,33,6,3,0,2,0,1,36,2,0,2,신혼부부
1065,2,5,33,6,4,0,2,0,1,36,2,0,2,신혼부부
1067,3,5,26,7,4,0,4,0,1,43,3,0,3,청년
1072,3,6,22,4,4,0,1,0,0,38,3,0,3,신혼부부
1075,2,8,22,4,2,0,3,0,3,44,4,0,4,신혼부부
1076,2,6,23,4,2,0,3,0,3,38,4,0,4,청년
1080,2,6,22,6,2,1,2,0,7,45,5,1,5,청년
1082,2,6,23,5,2,1,2,0,8,45,5,1,5,청년
1083,1,3,17,5,2,0,2,0,2,30,2,0,2,청년
1085,2,4,23,6,3,0,3,0,3,39,3,1,3,청년
1086,1,4,22,6,3,0,3,0,3,36,3,1,3,청년
1087,2,4,25,3,3,1,4,0,8,47,6,1,6,청년
1089,1,5,26,6,4,0,3,0,3,42,4,1,4,신혼부부
1090,1,4,23,6,3,0,3,0,3,38,3,1,3,청년
1094,1,6,26,4,3,0,4,0,3,43,5,1,5,신혼부부
1095,1,6,24,4,3,0,3,0,3,43,5,1,5,청년
1096,1,6,25,4,3,0,3,0,4,46,4,1,4,신혼부부
1097,1,7,24,4,4,0,3,0,3,45,4,1,4,신혼부부
1099,1,6,25,4,3,0,3,0,3,43,4,1,4,신혼부부
1100,1,5,25,4,2,0,3,0,3,44,4,1,4,신혼부부
1101,0,6,26,2,3,0,3,0,3,46,3,1,3,신혼부부
1102,0,4,25,2,2,0,3,0,3,43,2,1,2,청년
1103,0,4,25,2,2,0,3,0,3,43,2,1,2,신혼부부
1104,0,4,25,2,2,0,3,0,3,42,2,1,2,청년
1105,0,4,22,1,2,0,3,0,3,32,1,1,1,청년
1106,0,4,21,1,2,0,3,0,3,31,1,1,1,청년
1107,0,4,24,2,2,0,3,0,3,35,2,1,2,청년
1108,1,5,27,1,3,0,4,0,3,27,1,0,1,청년
1109,0,4,22,1,2,0,3,0,2,30,1,1,1,청년
1110,0,4,23,1,2,0,3,0,2,28,1,1,1,신혼부부
1111,0,4,20,1,2,0,3,0,2,29,1,1,1,청년
1113,0,4,20,1,2,0,2,0,4,33,1,1,1,청년
1114,0,4,22,1,2,0,3,0,3,33,1,1,1,청년
1122,0,4,17,1,2,0,2,0,3,27,0,0,0,청년
1123,1,4,24,1,1,0,4,0,1,24,1,0,1,청년
1127,1,5,23,1,3,0,4,0,1,23,2,0,2,청년
1129,1,5,31,0,4,0,5,0,1,29,1,0,1,신혼부부
1131,1,5,30,0,4,0,5,0,2,26,2,0,2,신혼부부
1132,1,5,30,0,4,0,5,0,2,26,2,0,2,청년
1133,1,5,30,0,4,0,5,0,2,27,2,0,2,청년
1134,1,5,30,0,4,0,5,0,1,30,1,0,1,청년
1135,1,5,30,0,4,0,5,0,2,27,2,0,2,청년
1136,1,5,31,0,3,0,5,0,1,31,1,0,1,청년
1137,1,5,34,0,3,0,5,0,1,33,1,0,1,청년
1141,2,6,38,2,3,0,4,0,2,39,1,0,1,유지
1150,1,5,29,3,4,0,1,1,3,40,2,0,2,신혼부부
1151,1,5,32,4,4,0,2,1,2,39,3,0,3,신혼부부
1152,2,6,22,6,3,0,3,0,2,64,2,0,2,청년
1153,2,6,22,6,3,0,3,0,1,63,2,0,2,청년
1154,2,6,22,6,3,0,3,0,2,66,2,0,2,신혼부부
1155,2,6,34,6,4,0,2,0,2,44,3,0,3,신혼부부
1158,1,9,33,0,4,1,3,1,8,48,4,1,4,청년
1159,1,5,23,0,4,0,3,2,2,51,2,2,2,신혼부부
1160,1,6,28,0,3,0,3,2,2,44,2,1,2,청년
1161,1,5,26,0,5,0,3,2,0,52,2,0,2,신혼부부
1163,0,6,25,0,4,0,2,1,2,44,2,1,2,신혼부부
1165,1,5,28,0,3,0,3,2,2,45,2,1,2,청년
1166,1,6,28,0,4,0,3,2,2,43,2,1,2,청년
1167,0,7,27,0,4,1,1,1,3,56,2,1,2,청년
1169,0,6,28,0,3,1,1,1,3,58,2,1,2,청년
1170,0,7,27,0,4,1,1,1,3,51,2,1,2,청년
1173,0,6,29,2,3,1,1,0,3,59,1,1,1,청년
1175,0,6,30,0,3,1,1,0,3,60,2,1,2,청년
1176,0,6,28,3,3,1,1,0,3,66,1,1,1,청년
1178,0,7,29,3,3,0,1,0,0,72,0,0,0,신혼부부
1184,0,7,31,4,3,0,2,0,3,78,0,0,0,청년
1189,0,7,31,4,4,1,2,0,4,80,0,0,0,청년
1190,0,7,30,4,3,0,2,0,2,78,0,0,0,청년
1191,0,5,28,3,3,1,1,0,3,67,0,1,0,청년
1192,0,6,28,3,3,1,1,0,3,67,0,1,0,청년
1193,0,7,30,4,3,0,2,0,3,76,0,1,0,청년
1194,0,6,28,4,3,1,1,0,3,67,1,1,1,청년
1196,0,5,27,3,3,1,1,0,3,67,0,1,0,청년
1198,0,7,28,1,4,1,1,0,6,58,3,1,3,청년
1200,0,5,31,1,3,1,2,0,8,59,3,1,3,청년
1201,0,6,30,1,3,1,2,0,7,60,4,1,4,청년
1202,2,9,33,0,5,2,3,1,8,56,6,2,6,청년
1203,1,8,32,0,4,1,3,1,8,51,4,1,4,청년
1205,0,5,32,1,3,1,2,0,9,65,3,2,3,청년
1206,0,6,32,1,4,1,2,0,7,68,1,1,1,청년
1207,0,6,34,1,4,2,3,0,9,68,5,2,5,청년
1209,0,6,32,1,4,2,3,0,9,69,4,2,4,청년
1210,0,8,33,4,3,1,2,0,1,83,1,0,1,청년
1211,1,9,36,4,3,1,2,0,1,90,2,0,2,청년
1212,1,8,35,4,3,1,2,0,1,96,2,0,2,청년
1213,1,6,33,1,1,1,2,0,1,88,2,0,2,청년
1214,1,7,32,0,2,1,2,0,1,88,2,0,2,청년
1215,1,7,31,0,2,1,2,0,1,88,2,0,2,청년
1218,0,9,36,3,3,1,2,0,1,87,2,0,2,청년
1219,1,8,35,3,3,1,3,0,0,92,2,0,2,청년
1221,0,8,31,1,3,2,2,0,8,54,5,1,5,청년
1225,0,3,25,1,1,1,2,0,3,37,3,1,3,청년
1227,0,6,29,1,2,1,2,0,3,43,3,1,3,청년
1228,0,7,29,1,2,2,2,0,10,48,5,2,5,유지
1229,0,6,29,1,2,2,3,0,9,49,5,2,5,유지
1230,0,6,29,1,2,2,2,0,9,47,5,2,5,유지
1235,1,9,37,3,3,1,2,0,1,87,1,0,1,청년
1236,1,7,37,1,2,1,3,0,1,78,1,0,1,청년
1238,0,5,35,1,3,2,2,0,8,71,4,2,4,청년
1239,0,7,35,1,4,2,2,0,4,75,1,1,1,청년
1240,0,9,37,1,5,2,2,0,4,82,2,0,2,청년
1241,0,7,36,1,3,2,2,0,5,69,2,1,2,청년
1242,0,9,33,4,4,1,3,0,1,79,1,0,1,신혼부부
1244,0,8,37,1,4,2,2,0,4,76,2,0,2,신혼부부
1246,0,7,32,4,4,1,2,0,3,78,1,0,1,신혼부부
1248,2,5,30,1,2,1,5,0,3,37,2,1,2,청년
1249,1,7,32,2,2,1,2,0,1,93,2,0,2,청년
1250,2,8,32,3,2,1,3,0,1,90,2,0,2,청년
1251,2,8,32,3,2,1,3,0,1,90,2,0,2,청년
1253,1,9,31,3,2,1,3,0,0,88,1,0,1,청년
1255,1,7,32,3,2,0,3,0,0,83,1,0,1,신혼부부
1263,2,6,20,6,2,0,3,0,2,65,2,0,2,청년
1264,2,6,21,6,3,0,3,0,2,68,2,0,2,청년
1266,1,5,26,1,5,0,2,1,0,44,2,0,2,청년
1267,0,6,24,0,4,0,2,1,1,42,2,0,2,신혼부부
1272,2,5,23,6,3,0,3,0,2,71,2,0,2,신혼부부
1274,1,6,22,4,2,0,2,0,2,84,1,0,1,신혼부부
1276,2,6,25,6,3,0,2,0,2,75,2,0,2,신혼부부
1279,3,10,26,1,3,2,3,0,5,64,1,0,1,청년
1280,3,9,27,1,2,2,3,0,5,67,1,0,1,청년
1281,3,8,30,0,2,1,4,0,5,74,1,0,1,신혼부부
1282,3,9,29,1,2,1,4,0,6,69,1,0,1,신혼부부
1283,3,8,31,1,2,2,4,0,3,77,2,0,2,신혼부부
1284,1,7,22,3,2,0,3,0,2,80,1,0,1,청년
1285,3,8,36,3,3,1,3,0,1,86,2,0,2,신혼부부
1287,2,6,31,1,3,1,4,0,2,68,1,0,1,신혼부부
1288,2,4,32,2,4,1,4,0,3,40,1,0,1,신혼부부
1289,2,5,30,1,5,1,4,0,4,42,1,0,1,신혼부부
1291,2,5,31,1,4,1,4,0,3,37,1,0,1,신혼부부
1293,2,5,31,1,4,1,4,0,2,30,2,0,2,신혼부부
1294,2,4,28,0,3,1,3,0,2,37,1,0,1,신혼부부
1295,2,4,28,0,3,1,3,0,2,36,1,0,1,신혼부부
1296,2,4,29,0,3,1,3,0,2,29,2,0,2,신혼부부
1297,1,4,18,1,4,0,2,2,0,46,2,0,2,청년
1298,1,4,23,1,4,0,3,2,0,48,2,0,2,신혼부부
1299,1,5,24,1,5,0,3,2,0,52,2,0,2,신혼부부
1303,1,5,19,0,4,0,3,2,0,48,2,1,2,신혼부부
1304,1,4,19,0,3,0,3,2,0,50,2,1,2,청년
1306,1,5,22,0,4,0,3,2,0,50,2,1,2,청년
1307,1,3,18,1,2,0,3,2,3,55,2,2,2,청년
1309,2,7,26,10,3,1,2,1,8,34,5,1,5,청년
1310,2,8,29,7,4,2,2,0,10,40,6,1,6,청년
1311,2,8,33,7,4,2,2,0,9,40,7,1,7,청년
1312,1,6,28,7,3,2,1,0,7,36,7,1,7,신혼부부
1314,1,6,29,7,3,2,1,0,9,41,7,2,7,청년
1315,1,6,29,7,3,2,1,0,9,41,7,2,7,청년
1316,1,7,31,7,3,2,1,0,9,45,7,2,7,청년
1317,2,9,31,3,3,2,2,1,9,53,6,2,6,청년
1318,2,9,30,3,3,2,2,1,9,53,6,2,6,청년
1319,2,8,31,4,2,2,2,0,9,47,7,2,7,신혼부부
1320,1,7,31,7,2,2,1,0,9,47,7,2,7,신혼부부
1322,2,6,28,7,2,2,2,0,9,45,7,2,7,신혼부부
1323,2,6,28,7,2,2,2,0,9,46,7,2,7,신혼부부
1324,2,6,29,4,2,2,2,0,10,47,5,2,5,청년
1325,2,7,28,2,3,1,2,0,10,49,5,2,5,청년
1326,1,8,29,1,3,1,1,0,9,45,5,2,5,청년
1328,2,7,31,0,4,1,3,1,8,49,4,2,4,신혼부부
1329,2,7,24,3,3,1,4,0,10,48,6,1,6,청년
1332,0,5,17,4,3,0,2,1,2,43,3,1,3,청년
1333,1,5,19,4,3,0,2,1,2,41,3,0,3,청년
1334,1,3,22,5,3,2,1,1,11,50,3,1,3,청년
1335,1,3,22,5,3,2,1,1,12,50,3,1,3,청년
1336,0,5,32,11,4,1,0,0,8,43,2,1,2,청년
1338,0,4,29,12,4,1,0,0,7,39,2,0,2,청년
1339,1,5,28,12,4,1,0,0,5,39,2,0,2,청년
1340,1,7,27,7,4,2,1,1,7,44,2,1,2,청년
1341,2,7,34,11,3,1,1,1,5,40,2,1,2,청년
1343,2,6,30,10,3,1,2,1,7,32,2,1,2,청년
1346,0,4,15,4,1,1,1,0,1,45,0,0,0,청년
1349,0,3,11,3,1,1,1,0,0,41,0,0,0,청년
1353,0,4,20,3,2,1,0,0,0,59,1,0,1,유지
1354,0,5,18,3,2,0,1,0,0,48,0,0,0,유지
1355,0,5,18,3,2,0,1,0,0,47,0,0,0,유지
1358,0,8,39,4,3,0,1,0,4,58,3,0,3,청년
1360,0,7,20,2,3,2,1,0,4,37,2,0,2,유지
1361,0,9,27,5,4,2,2,0,4,47,2,0,2,청년
1362,1,10,33,5,5,2,3,0,4,55,3,0,3,신혼부부
1370,1,6,30,1,3,1,4,0,2,51,0,1,0,신혼부부
1373,1,3,21,2,4,0,2,1,6,48,10,0,10,청년
1376,2,3,27,7,4,0,1,0,1,76,2,0,2,신혼부부
1382,2,3,22,7,3,0,1,0,1,65,2,0,2,청년
1386,3,3,26,5,4,0,2,0,1,75,1,0,1,신혼부부
1396,1,5,20,3,3,0,2,0,1,57,1,0,1,청년
1418,1,4,28,1,3,0,2,1,0,43,2,1,2,청년
1419,1,4,25,1,2,0,2,0,0,44,2,0,2,신혼부부
1422,2,4,31,2,2,0,2,1,3,59,2,1,2,청년
1429,0,0,10,1,2,1,1,0,0,19,1,0,1,청년
1432,1,5,32,2,2,0,3,1,3,56,3,1,3,청년
1433,2,4,32,2,2,0,2,1,2,58,3,1,3,청년
1437,1,4,28,1,3,0,2,1,0,44,2,1,2,청년
1439,1,4,30,1,3,0,2,0,0,48,2,0,2,신혼부부
1442,1,3,13,1,3,1,2,0,0,35,2,0,2,신혼부부
1443,2,6,30,2,3,0,2,0,4,47,9,0,9,신혼부부
1444,2,2,30,2,3,0,3,1,4,81,8,0,8,청년
1447,0,5,22,1,2,0,2,1,4,57,1,1,1,신혼부부
1448,0,4,24,1,2,0,2,1,3,57,1,1,1,신혼부부
1451,0,5,20,2,1,0,2,0,3,49,1,0,1,신혼부부
1453,0,0,7,7,1,0,1,0,0,30,0,0,0,청년
1457,0,3,15,7,3,0,1,0,2,58,1,0,1,청년
1463,1,16,20,3,3,0,4,0,3,66,8,4,8,청년
1467,1,17,22,3,5,0,4,0,3,51,4,1,4,신혼부부
1468,1,17,22,3,5,0,4,0,3,50,4,1,4,청년
1469,1,17,21,3,5,0,4,0,3,51,4,1,4,청년
1470,1,16,24,1,4,0,4,0,3,60,6,3,6,신혼부부
1471,1,17,24,1,5,0,4,0,3,56,5,3,5,청년
1472,1,16,24,2,4,0,4,0,4,64,6,4,6,청년
1473,1,16,26,1,4,0,3,0,0,38,0,1,0,신혼부부
1479,1,2,29,1,3,0,3,0,1,39,1,1,1,청년
1481,1,17,19,4,3,0,2,0,4,59,2,1,2,청년
1482,1,17,21,4,4,0,2,0,5,66,2,0,2,신혼부부
1495,1,16,25,1,3,0,4,0,3,57,6,2,6,청년
1496,1,16,24,1,3,0,3,0,2,51,5,1,5,신혼부부
1506,1,2,13,1,2,0,0,0,2,26,1,1,1,청년
1514,1,2,26,1,4,0,2,0,0,37,0,0,0,청년
1515,0,0,21,1,3,0,2,0,2,45,2,0,2,청년
1516,0,0,21,1,3,0,2,0,2,51,2,0,2,청년
1520,1,6,27,5,6,0,3,0,3,81,5,3,5,청년
1522,1,1,29,1,3,0,2,0,6,64,4,1,4,청년
1523,0,1,28,1,3,0,2,0,3,52,1,0,1,신혼부부
1524,0,4,27,4,3,0,2,0,5,72,5,3,5,청년
1529,1,5,19,6,6,0,2,0,1,71,4,3,4,청년
1532,1,5,19,6,4,0,1,0,0,62,3,3,3,청년
1534,0,3,8,3,2,0,1,0,0,26,3,2,3,청년
1535,0,4,13,5,3,0,1,0,1,54,6,3,6,청년
1536,0,4,19,3,3,1,4,0,5,57,7,8,7,청년
1537,0,5,17,2,4,0,4,0,5,58,6,10,6,청년
1540,1,4,16,0,2,1,1,0,5,48,3,12,3,청년
1542,1,9,41,3,4,3,2,0,3,72,6,3,6,청년
1544,5,8,26,0,2,1,1,0,5,66,4,2,4,청년
1546,1,3,17,4,2,1,1,0,2,45,1,1,1,신혼부부
1547,0,2,11,0,2,0,0,0,1,30,0,0,0,청년
1553,0,5,25,3,3,0,4,0,3,68,4,0,4,청년
1554,0,8,23,2,4,0,3,0,1,64,4,0,4,청년
1559,1,3,22,5,6,2,2,0,2,72,2,2,2,청년
1564,0,7,21,3,4,2,2,0,5,69,3,4,3,청년
1565,1,8,25,3,3,1,3,0,5,55,3,6,3,청년
1566,3,9,24,0,4,1,2,0,2,84,4,13,4,청년
1567,3,6,26,0,3,2,3,0,2,84,4,14,4,청년
1568,2,8,26,4,2,1,3,1,0,47,3,0,3,청년
1570,0,5,30,2,2,1,2,0,1,86,5,12,5,청년
1571,0,5,27,5,2,1,2,0,1,85,5,12,5,청년
1572,0,5,26,5,2,1,2,0,1,85,5,12,5,청년
1573,0,5,25,4,2,2,2,0,1,84,4,11,4,청년
1585,0,3,31,3,2,1,1,0,3,84,4,7,4,청년
1592,2,8,28,3,2,0,3,1,0,51,3,6,3,청년
1593,3,10,37,6,3,1,4,1,1,51,4,9,4,청년
1594,2,7,33,5,3,1,2,1,0,59,3,9,3,청년
1595,2,6,28,5,3,2,3,1,0,52,1,8,1,청년
1600,0,4,21,8,2,2,3,0,4,82,4,8,4,신혼부부
1601,0,4,22,8,2,2,3,0,4,78,4,6,4,청년
1604,0,3,28,4,2,2,1,0,4,79,4,7,4,청년
1607,2,5,21,2,4,1,3,0,6,53,1,6,1,청년
1611,2,7,23,3,6,2,4,0,5,48,5,0,5,청년
1612,2,7,22,3,5,2,4,0,5,49,5,0,5,신혼부부
1613,2,6,24,3,4,2,3,0,5,51,4,0,4,신혼부부
1614,3,7,26,4,5,2,4,0,3,58,5,2,5,청년
1615,0,3,9,2,1,0,1,0,0,23,1,0,1,청년
1616,2,9,31,4,4,0,2,0,3,84,5,0,5,청년
1618,1,7,30,5,2,0,0,0,1,103,7,3,7,청년
1624,1,7,31,6,2,0,1,0,1,98,7,3,7,청년
1626,1,3,14,3,2,1,2,0,5,78,7,2,7,청년
1627,0,1,18,2,1,1,2,0,5,82,7,2,7,청년
1628,0,1,19,2,1,1,2,0,4,82,8,2,8,신혼부부
1630,0,1,24,2,1,1,2,0,3,75,4,3,4,청년
1631,0,2,28,2,1,1,3,0,3,78,5,6,5,신혼부부
1632,0,2,30,3,1,1,3,0,3,84,5,6,5,신혼부부
1634,1,8,30,2,4,1,2,0,4,73,8,1,8,신혼부부
1635,1,8,30,2,4,1,2,0,4,73,7,1,7,청년
1636,1,8,28,3,4,1,1,0,2,81,6,1,6,신혼부부
1637,1,9,21,4,4,2,2,0,4,55,8,1,8,청년
1638,1,7,26,3,4,1,2,0,3,73,6,1,6,신혼부부
1639,0,4,13,5,4,1,3,0,4,41,4,0,4,청년
1640,0,5,12,4,4,2,2,0,4,42,3,0,3,신혼부부
1641,0,5,18,5,3,1,2,0,0,37,2,0,2,청년
1642,1,2,19,2,1,2,3,0,7,69,7,1,7,청년
1643,0,3,16,2,1,1,2,0,6,59,4,1,4,청년
1644,0,3,21,2,1,2,3,0,5,62,6,1,6,청년
1645,0,5,20,2,3,2,3,0,5,60,3,1,3,청년
1646,0,5,20,2,3,2,3,0,5,60,4,1,4,신혼부부
1647,0,4,20,2,2,1,3,0,3,56,2,1,2,신혼부부
1648,0,4,20,2,2,2,3,0,6,64,6,1,6,신혼부부
1649,0,4,22,4,2,1,3,0,1,54,2,1,2,청년
1650,0,4,20,4,2,1,4,0,1,54,2,1,2,신혼부부
1651,0,4,20,4,2,1,4,0,1,49,3,0,3,청년
1652,0,4,19,4,2,1,4,0,1,55,3,1,3,신혼부부
1653,0,4,15,8,4,0,3,0,0,36,3,0,3,신혼부부
1654,0,5,12,8,4,0,3,0,0,32,3,0,3,청년
1655,0,5,16,5,3,0,3,0,0,42,3,1,3,신혼부부
1656,1,5,14,8,4,0,3,0,0,34,3,0,3,신혼부부
1657,1,4,15,8,3,0,3,0,0,37,2,1,2,신혼부부
1658,0,4,17,5,3,1,3,0,0,41,3,0,3,신혼부부
1659,0,4,17,5,3,0,3,0,0,41,3,0,3,신혼부부
1660,0,3,17,5,2,1,3,0,0,39,3,0,3,유지
1661,0,3,17,5,2,1,3,0,0,39,3,0,3,유지
1662,1,4,15,8,3,0,3,0,0,37,2,1,2,유지
1663,0,4,16,5,3,0,3,0,0,37,2,0,2,유지
1664,0,5,12,8,4,0,3,0,0,33,3,0,3,청년
1665,1,4,16,5,3,0,3,0,0,41,3,2,3,청년
1666,1,3,16,5,2,0,3,0,0,42,2,2,2,청년
1668,0,4,13,2,2,0,2,0,0,53,3,1,3,청년
1670,0,4,13,5,2,0,3,0,0,48,3,1,3,청년
1671,1,3,4,4,3,0,2,0,0,32,1,2,1,청년
1672,1,3,4,4,3,0,2,0,0,31,1,2,1,청년
1673,1,3,6,5,3,0,2,0,0,40,2,2,2,청년
1674,1,2,4,4,2,0,2,1,0,26,1,2,1,신혼부부
1675,0,4,7,3,4,0,2,0,0,38,2,1,2,신혼부부
1676,1,3,5,4,3,0,2,0,0,34,1,2,1,신혼부부
1679,0,3,6,5,3,0,2,0,0,39,1,1,1,청년
1681,0,4,16,2,2,0,3,0,3,49,2,0,2,청년
1682,0,4,17,2,1,1,2,0,5,54,4,0,4,청년
1683,0,3,14,3,2,0,2,0,3,52,2,0,2,청년
1684,0,3,17,3,1,0,2,0,3,51,2,0,2,신혼부부
1685,0,3,17,3,1,0,2,0,3,51,2,0,2,신혼부부
1686,0,3,17,3,1,0,2,0,3,51,2,0,2,청년
1687,0,3,14,3,2,0,2,0,3,52,2,0,2,청년
1688,0,3,15,2,1,1,2,0,4,53,3,0,3,신혼부부
1689,0,3,14,3,2,0,2,0,3,50,2,0,2,신혼부부
1690,0,4,11,4,3,1,3,0,6,64,2,0,2,신혼부부
1691,0,4,11,4,3,1,2,0,6,59,2,0,2,신혼부부
1692,0,4,14,3,2,1,2,0,3,53,2,0,2,신혼부부
1693,0,4,13,4,2,1,2,0,3,59,1,1,1,청년
1694,0,3,13,3,1,1,2,0,6,54,4,0,4,청년
1695,0,3,12,4,1,1,2,0,6,62,4,0,4,청년
1696,0,4,11,3,2,1,2,0,5,60,4,0,4,청년
1697,0,4,12,3,2,2,2,0,4,59,3,0,3,청년
1698,0,4,13,4,2,1,2,0,2,58,1,0,1,청년
1700,0,4,13,4,2,1,2,0,3,58,1,2,1,청년
1701,0,4,12,4,2,2,2,0,4,63,1,0,1,청년
1702,0,4,12,4,3,1,2,0,3,58,1,0,1,청년
1703,0,4,16,5,3,1,2,0,3,48,1,3,1,청년
1704,0,4,14,4,3,1,2,0,3,49,1,3,1,청년
1705,0,5,13,4,3,1,1,0,3,50,1,2,1,청년
1706,0,5,13,4,4,1,1,0,3,49,1,2,1,신혼부부
1707,1,5,13,4,5,1,2,0,3,56,1,2,1,신혼부부
1708,2,5,19,1,4,2,2,0,8,70,2,5,2,청년
1710,2,4,18,3,4,1,2,0,6,63,3,2,3,청년
1711,0,3,17,7,3,0,0,0,4,63,1,0,1,청년
1712,0,4,16,7,3,0,1,0,4,65,2,0,2,청년
1713,0,5,15,5,3,0,1,0,3,62,1,0,1,청년
1714,0,5,15,7,3,0,1,0,3,62,2,0,2,청년
1715,0,5,15,7,3,0,1,0,3,59,2,0,2,청년
1716,0,5,14,7,3,0,1,0,3,61,2,0,2,청년
1717,0,5,16,6,2,0,1,0,1,62,2,0,2,청년
1718,0,4,15,7,3,0,1,0,1,56,2,0,2,청년
1719,0,5,16,8,4,0,1,0,1,58,2,0,2,청년
1720,0,4,16,6,2,0,1,0,1,51,2,0,2,청년
1721,0,5,15,7,3,0,1,0,1,56,2,0,2,청년
1722,0,4,15,7,3,0,1,0,1,56,2,0,2,청년
1723,0,5,17,6,2,0,1,0,3,62,1,0,1,청년
1724,0,5,16,8,4,0,1,0,1,60,2,0,2,청년
1725,0,3,16,6,2,0,1,0,1,46,2,0,2,청년
1726,0,4,17,6,2,0,1,0,1,50,2,0,2,청년
1727,0,4,15,6,2,0,1,0,1,50,2,0,2,청년
1728,0,4,17,6,2,0,1,0,1,49,2,0,2,청년
1729,0,4,18,6,2,0,1,0,1,49,2,0,2,청년
1730,0,4,16,6,2,0,1,0,1,50,2,0,2,유지
1732,0,5,15,6,3,0,1,0,1,45,2,0,2,유지
1733,0,5,15,6,3,0,1,0,1,44,2,0,2,청년
1734,0,5,16,5,2,0,2,0,1,51,3,0,3,청년
1735,0,5,16,6,2,0,2,0,1,49,3,0,3,유지
1736,0,5,16,4,2,0,2,0,1,51,3,0,3,유지
1737,0,4,16,4,2,0,2,0,1,51,3,0,3,유지
1738,0,4,16,4,2,0,2,0,1,51,3,0,3,유지
1739,0,4,16,4,2,0,2,0,1,51,3,0,3,유지
1740,0,4,16,4,2,0,2,0,1,51,3,0,3,청년
1741,0,5,15,6,2,0,2,0,1,50,3,0,3,청년
1742,0,4,15,4,3,0,1,0,1,45,2,0,2,유지
1743,0,4,13,3,4,0,1,0,1,44,2,0,2,청년
1744,0,4,16,3,3,0,1,0,1,43,3,0,3,청년
1745,0,3,17,5,2,0,1,0,1,44,2,0,2,신혼부부
1747,0,4,16,4,2,0,1,0,1,45,3,0,3,청년
1748,0,5,16,7,4,0,1,0,1,50,2,0,2,청년
1749,0,3,15,5,2,0,1,0,1,45,2,0,2,청년
1750,0,5,16,5,3,0,1,0,1,50,2,0,2,청년
1751,0,3,18,3,2,0,1,0,1,46,2,0,2,청년
1752,0,4,15,3,4,0,1,0,1,37,2,0,2,청년
1754,0,5,15,6,3,0,1,0,1,34,2,0,2,청년
1755,0,4,16,6,3,0,1,0,1,38,2,0,2,청년
1756,0,4,15,6,2,0,1,0,1,41,2,0,2,청년
1757,0,6,14,8,3,0,1,0,1,49,2,0,2,청년
1758,0,5,14,8,2,0,1,0,1,48,2,0,2,청년
1760,0,5,17,8,3,0,2,0,0,43,1,0,1,청년
1761,0,4,16,8,3,0,1,0,0,46,1,0,1,청년
1762,0,5,17,6,3,0,2,0,0,39,1,0,1,유지
1764,0,2,13,1,3,0,1,0,0,24,0,0,0,청년
1765,0,2,12,1,3,0,1,0,0,25,0,0,0,청년
1766,0,3,15,2,4,0,1,0,0,31,0,0,0,청년
1767,0,3,13,2,4,0,1,0,0,25,0,0,0,청년
1768,0,3,18,4,2,0,1,0,1,53,2,0,2,청년
1769,0,3,18,4,2,0,1,0,1,53,2,0,2,청년
1770,0,3,18,4,2,0,1,0,1,53,2,0,2,청년
1771,0,3,18,4,2,0,1,0,1,45,2,0,2,청년
1772,0,3,18,4,2,0,1,0,1,48,2,0,2,청년
1773,0,3,18,3,2,0,1,0,1,48,2,0,2,청년
1775,0,18,15,5,5,0,1,0,2,60,2,0,2,유지
1776,0,18,14,5,5,0,1,0,1,59,2,0,2,청년
1778,0,5,18,3,3,0,2,0,1,50,2,0,2,청년
1779,0,3,20,2,2,1,3,0,2,47,4,0,4,청년
1780,1,3,13,7,4,0,1,0,7,68,2,0,2,청년
1781,1,5,22,2,2,2,3,0,7,69,7,1,7,청년
1783,0,4,8,6,4,0,2,0,0,41,2,1,2,청년
1784,0,18,16,5,5,0,1,0,1,58,2,1,2,청년
1785,0,18,17,5,5,0,1,0,1,59,2,1,2,청년
1786,0,18,17,5,5,0,1,0,1,55,2,0,2,청년
1787,0,4,18,4,2,1,4,0,1,51,3,0,3,청년
1788,0,4,17,4,2,1,3,0,1,45,3,0,3,청년
1789,0,4,16,4,3,1,1,0,3,55,1,0,1,청년
1790,0,4,14,4,3,0,1,0,3,58,1,0,1,청년
1791,0,4,15,4,3,0,1,0,3,60,1,0,1,청년
1792,0,4,16,4,3,0,1,0,3,58,1,0,1,청년
1793,0,4,16,4,3,0,1,0,3,60,1,0,1,청년
1794,0,5,16,4,4,0,1,0,3,66,2,0,2,청년
1796,0,5,16,4,4,0,1,0,5,67,2,0,2,청년
1797,0,3,14,4,1,1,2,0,5,52,3,0,3,청년
1798,0,3,13,2,1,1,2,0,5,53,4,0,4,청년
1799,2,4,16,1,3,1,1,0,6,58,3,4,3,청년
1800,0,4,16,3,4,0,1,0,1,40,2,0,2,청년
1801,0,4,16,4,1,0,3,0,1,28,1,0,1,청년
1803,0,1,9,3,2,2,1,0,5,58,1,2,1,유지
1805,1,3,6,3,1,1,1,1,2,57,0,0,0,청년
1808,0,4,13,3,2,1,2,0,7,69,3,8,3,청년
1809,0,3,20,3,1,3,3,0,9,72,3,10,3,청년
1814,1,4,13,3,3,2,3,1,2,65,0,0,0,청년
1815,0,3,15,3,3,2,3,1,3,65,1,0,1,청년
1816,1,3,11,2,1,1,2,1,1,62,0,1,0,유지
1817,0,1,9,1,0,1,1,0,3,59,1,3,1,유지
1823,0,3,10,3,1,0,1,0,1,40,0,2,0,청년
1826,0,3,11,3,2,0,1,0,1,39,0,2,0,청년
1827,0,3,10,1,3,0,1,0,0,30,0,0,0,청년
1828,1,1,10,1,1,3,1,0,4,34,3,1,3,청년
1829,2,1,11,1,1,3,1,0,6,26,7,1,7,청년
1831,1,1,10,3,1,4,2,0,6,33,5,0,5,청년
1832,1,3,18,3,5,0,2,0,3,59,7,0,7,청년
1833,0,0,8,0,1,1,2,2,6,53,1,19,1,청년
1835,0,0,10,0,1,1,2,2,6,52,2,19,2,청년
1836,0,0,9,0,1,1,1,1,6,45,3,16,3,청년
1837,0,0,9,0,1,1,1,1,6,49,3,15,3,청년
1838,0,0,6,2,1,1,1,1,7,62,1,23,1,청년
1841,2,0,8,3,1,1,1,0,3,45,1,11,1,청년
1842,2,0,9,3,1,1,1,0,3,47,1,11,1,청년
1843,2,0,9,3,1,1,1,0,4,53,1,14,1,청년
1844,2,0,10,4,2,1,1,0,3,46,1,9,1,청년
1845,2,3,15,1,3,1,2,2,7,72,5,3,5,청년
1846,2,3,15,1,3,3,2,2,7,74,5,3,5,청년
1847,1,3,13,1,3,3,2,2,8,69,5,3,5,청년
1848,2,3,19,2,2,2,2,1,3,66,4,2,4,청년
1849,0,0,1,0,0,0,0,0,0,16,0,0,0,청년
1850,0,0,12,0,0,2,0,0,5,38,2,1,2,청년
1851,2,2,14,0,1,2,1,0,4,57,3,4,3,청년
1852,2,3,11,1,1,1,1,0,6,51,3,4,3,청년
1858,3,4,10,3,2,0,2,0,8,44,3,3,3,청년
1859,3,3,11,3,1,1,3,0,6,43,2,3,2,청년
1860,4,3,11,2,2,0,2,0,8,61,3,4,3,청년
1861,4,3,11,2,2,0,2,0,8,61,3,4,3,신혼부부
1862,0,3,11,3,1,0,1,0,1,42,0,2,0,신혼부부
1864,0,3,13,3,2,0,3,0,1,50,1,2,1,청년
1865,0,3,15,4,3,0,2,0,2,54,1,4,1,신혼부부
1866,0,2,15,4,2,0,2,0,2,56,1,3,1,신혼부부
1867,0,2,10,2,2,0,2,0,2,49,1,2,1,신혼부부
1870,2,4,11,3,2,2,1,0,7,29,3,4,3,청년
1871,2,4,11,3,2,2,1,0,7,30,4,4,4,신혼부부
1872,3,3,12,3,2,1,2,0,9,31,6,5,6,청년
1873,4,1,12,2,2,1,2,0,9,32,5,4,5,청년
1874,2,3,7,1,1,1,1,0,6,25,4,1,4,청년
1875,1,2,4,3,1,1,1,0,5,21,4,1,4,신혼부부
1876,3,3,14,2,3,2,2,0,7,35,4,3,4,청년
1877,2,2,15,2,2,4,1,0,3,28,3,2,3,청년
1878,2,2,15,2,2,4,1,0,4,31,3,2,3,신혼부부
1879,2,3,14,1,3,3,1,0,4,28,4,2,4,청년
1880,3,3,15,1,3,2,2,0,4,35,4,2,4,청년
1881,2,2,14,1,2,3,1,0,1,35,3,2,3,청년
1882,2,1,14,1,2,3,1,0,1,33,4,2,4,청년
1883,2,1,15,1,2,2,1,0,2,30,3,4,3,청년
1884,2,2,16,1,2,3,1,0,3,27,3,2,3,신혼부부
1885,2,2,15,2,1,3,1,0,2,30,3,2,3,청년
1886,1,2,13,2,1,3,1,0,9,27,4,0,4,신혼부부
1888,1,1,12,2,1,2,1,0,4,40,7,4,7,청년
1889,3,3,21,6,2,0,2,0,4,44,2,2,2,청년
1890,2,3,20,8,3,1,2,0,5,43,4,3,4,신혼부부
1891,2,3,20,8,3,1,3,0,4,42,4,1,4,신혼부부
1892,3,3,18,4,4,2,3,0,4,42,5,1,5,청년
1893,0,1,7,3,1,1,1,0,2,32,4,4,4,청년
1894,0,1,5,3,1,2,1,0,7,28,4,4,4,청년
1895,2,0,10,1,0,2,2,0,6,31,6,3,6,청년
1896,2,0,7,1,0,1,1,0,15,35,3,8,3,청년
1897,2,0,7,1,0,1,2,0,12,30,4,6,4,청년
1898,1,0,10,2,1,1,1,0,15,32,7,7,7,청년
1899,2,1,12,2,1,1,1,0,15,32,4,7,4,청년
1900,2,1,11,2,1,1,1,0,14,31,4,7,4,청년
1901,2,1,12,2,1,1,1,0,12,31,4,7,4,청년
1902,2,1,12,2,1,1,1,0,12,31,4,7,4,청년
1903,2,1,13,2,1,1,1,0,11,33,4,5,4,청년
1904,2,1,13,2,1,1,1,0,11,33,4,5,4,청년
1905,1,2,9,2,2,2,1,0,13,38,5,5,5,청년
1906,1,2,3,0,1,3,1,0,14,35,7,3,7,청년
1907,1,2,2,0,1,3,1,0,15,42,6,3,6,청년
1908,1,2,2,0,1,3,1,0,15,39,6,2,6,신혼부부
1909,1,3,3,0,1,3,1,0,12,35,7,3,7,청년
1910,1,3,9,0,2,2,1,0,11,36,7,3,7,청년
1912,1,1,12,0,1,2,2,0,11,46,8,2,8,신혼부부
1913,1,2,11,0,1,2,1,0,11,42,8,2,8,신혼부부
1914,0,2,8,0,1,3,1,0,10,39,3,4,3,신혼부부
1915,1,2,8,0,1,4,3,0,9,44,5,4,5,신혼부부
1916,1,2,7,0,1,4,2,0,9,44,5,2,5,청년
1917,2,2,6,0,2,4,2,0,8,44,5,2,5,청년
1918,2,2,6,1,2,3,2,0,8,39,3,3,3,신혼부부
1919,1,3,11,2,1,1,2,0,4,43,3,1,3,신혼부부
1927,0,1,15,2,1,2,1,0,2,28,4,7,4,신혼부부
1928,0,2,17,2,3,3,2,0,7,41,5,8,5,신혼부부
1929,0,4,19,4,4,1,2,0,4,34,3,1,3,청년
1930,0,4,19,4,4,1,2,0,4,38,3,0,3,신혼부부
1931,0,3,19,4,4,1,2,0,5,40,4,2,4,청년
1932,0,3,21,4,4,1,2,0,5,38,4,8,4,청년
1960,2,5,17,3,5,3,3,0,5,29,4,0,4,신혼부부
1961,2,3,17,2,3,3,3,0,6,26,3,0,3,신혼부부
1962,2,3,17,2,3,3,3,0,6,26,3,0,3,신혼부부
1964,1,1,9,1,2,1,2,0,4,20,1,0,1,신혼부부
1968,1,0,10,1,2,1,2,0,4,19,1,0,1,청년
1976,1,6,23,6,3,3,3,0,4,41,6,0,6,청년
1979,2,5,23,3,4,3,2,0,3,38,7,3,7,신혼부부
1980,2,5,23,3,4,3,2,0,3,30,4,0,4,청년
1981,2,6,23,0,3,3,2,0,3,39,7,3,7,청년
1984,2,7,24,1,4,3,2,0,3,35,6,3,6,청년
1985,1,5,22,1,4,3,2,0,4,38,3,0,3,청년
1986,1,6,20,1,4,3,2,0,4,38,3,0,3,청년
1990,2,5,23,3,4,1,2,0,3,22,3,0,3,신혼부부
1991,2,5,23,3,4,3,2,0,3,26,3,0,3,청년
1992,1,4,26,3,4,3,1,0,3,25,4,0,4,청년
1998,1,1,11,0,2,1,2,0,5,21,1,0,1,청년
2006,0,2,12,2,1,2,2,0,6,22,2,0,2,청년
2007,1,4,19,2,3,2,2,0,6,28,4,0,4,청년
2012,0,3,12,2,1,2,1,0,6,24,3,0,3,청년
2013,1,2,17,2,1,2,1,0,6,25,4,0,4,청년
2014,0,3,13,3,2,1,1,0,5,19,3,0,3,청년
2015,0,8,17,7,3,3,3,0,8,46,2,0,2,청년
2016,0,6,27,2,5,3,2,0,9,47,5,0,5,청년
2017,1,5,29,4,4,2,1,0,4,38,4,1,4,신혼부부
2018,0,5,20,3,4,3,1,0,6,50,3,0,3,신혼부부
2024,1,6,33,4,3,2,1,0,1,60,3,0,3,신혼부부
2025,1,6,28,4,3,0,1,0,1,58,1,0,1,청년
2026,1,8,21,3,3,3,1,0,3,39,5,2,5,신혼부부
2027,1,8,22,3,3,3,1,0,5,37,5,2,5,신혼부부
2028,1,4,24,3,3,3,2,0,5,37,5,2,5,신혼부부
2029,1,8,19,3,2,3,1,0,2,38,5,4,5,청년
2030,0,3,9,5,4,3,1,0,2,37,4,3,4,청년
2031,0,8,24,7,3,3,3,0,3,39,6,1,6,신혼부부
2032,1,3,21,5,4,3,1,0,3,46,0,1,0,청년
2033,1,2,16,3,2,0,0,0,2,33,0,1,0,청년
2034,1,2,18,3,2,0,0,0,2,36,0,1,0,청년
2035,1,6,31,3,4,2,4,0,4,35,4,0,4,청년
2036,1,4,33,3,4,2,4,0,4,39,4,1,4,신혼부부
2037,1,4,33,3,4,2,4,0,4,39,4,1,4,청년
2038,1,4,33,3,4,2,4,0,4,39,4,1,4,신혼부부
2039,1,4,33,3,4,2,4,0,4,39,4,1,4,청년
2040,2,4,35,4,2,2,4,0,4,40,5,1,5,청년
2041,2,6,27,3,3,2,3,0,2,42,4,0,4,청년
2042,1,4,22,0,3,1,4,0,3,34,3,0,3,유지
2043,1,3,21,0,3,1,4,0,3,30,3,0,3,신혼부부
2044,1,3,20,0,3,1,4,0,2,25,3,0,3,청년
2045,1,3,25,0,4,2,4,0,4,34,4,0,4,청년
2046,2,3,24,0,2,1,3,0,1,37,4,0,4,청년
2047,2,3,23,0,2,1,3,0,1,32,3,0,3,청년
2048,1,7,38,5,5,2,2,0,4,47,4,0,4,청년
2050,1,1,20,2,1,2,2,0,0,43,1,0,1,신혼부부
2052,1,2,23,3,2,2,2,0,0,42,1,0,1,청년
2053,1,2,17,3,2,1,1,0,1,34,2,0,2,청년
2054,0,2,18,3,2,1,1,0,1,32,2,0,2,청년
2055,1,2,19,3,2,1,1,0,1,36,2,0,2,청년
2056,1,3,17,3,2,1,1,0,1,36,2,0,2,청년
2057,1,2,17,3,2,1,1,0,1,39,2,0,2,신혼부부
2058,1,2,16,3,2,1,1,0,1,36,2,0,2,신혼부부
2059,1,3,14,3,3,1,1,0,1,32,2,0,2,신혼부부
2062,1,2,12,3,3,0,1,0,1,26,2,0,2,청년
2063,1,2,12,3,3,2,2,0,1,38,4,0,4,청년
2072,2,4,28,1,3,1,1,0,5,38,2,0,2,청년
2073,2,5,29,1,3,2,0,0,5,42,3,1,3,청년
2074,1,5,27,1,3,2,2,0,8,42,2,1,2,청년
2076,2,6,23,3,3,1,2,0,12,50,3,1,3,청년
2077,3,5,29,4,4,2,3,0,13,59,3,1,3,청년
2078,2,6,31,5,3,1,1,0,5,38,2,0,2,청년
2080,2,6,33,2,3,2,1,0,5,39,3,0,3,청년
2081,2,6,33,2,3,2,1,0,5,39,3,0,3,청년
2083,2,6,33,2,3,2,1,0,5,39,3,1,3,청년
2084,2,6,34,2,3,2,1,0,7,46,5,1,5,청년
2085,2,6,34,2,3,2,1,0,7,46,5,1,5,청년
2086,3,6,38,2,3,2,1,0,7,40,5,1,5,청년
2087,3,6,38,2,3,2,1,0,7,46,5,1,5,청년
2088,3,6,38,2,3,2,1,0,7,42,5,1,5,청년
2091,1,6,30,1,3,2,2,0,8,45,5,1,5,청년
2096,2,5,31,2,2,1,3,0,12,53,4,1,4,청년
2097,2,5,33,2,2,2,3,0,12,56,4,1,4,청년
2098,2,6,24,2,3,1,2,0,12,51,4,1,4,청년
2100,3,4,30,4,3,2,3,0,12,58,3,1,3,청년
2101,3,4,30,4,2,2,3,0,12,56,4,1,4,청년
2103,2,5,24,3,3,2,2,0,10,55,2,1,2,청년
2105,2,5,29,3,3,2,2,0,11,60,3,1,3,청년
2109,1,5,28,4,2,3,3,0,10,57,4,1,4,청년
2113,3,4,24,3,2,3,2,0,11,61,2,1,2,청년
2119,1,3,31,6,3,2,2,0,1,51,4,0,4,신혼부부
2125,1,1,31,3,2,2,2,0,0,37,2,0,2,청년
2131,1,3,38,6,4,4,4,0,2,54,5,0,5,청년
2147,1,3,31,4,3,4,4,0,9,62,9,15,9,청년
2148,2,3,28,2,2,3,4,0,11,65,11,14,11,청년
2153,1,4,27,4,2,3,5,0,10,56,6,1,6,청년
2155,1,4,29,3,2,2,5,0,12,53,5,1,5,청년
2157,1,4,29,4,2,2,5,0,11,55,3,1,3,청년
2158,1,3,27,4,1,1,2,0,6,40,3,7,3,청년
2159,1,3,27,4,1,1,2,0,3,39,3,7,3,청년
2160,1,3,28,3,1,1,2,1,3,40,3,7,3,청년
2161,0,3,26,3,1,1,2,1,3,39,3,8,3,청년
2166,1,3,27,1,2,3,4,0,8,60,4,9,4,청년
2168,2,4,43,4,3,2,3,0,4,48,6,0,6,청년
2174,1,6,40,4,4,2,4,0,4,50,4,0,4,신혼부부
2175,1,4,38,3,3,2,2,0,5,48,4,0,4,신혼부부
2187,1,7,30,2,4,2,2,0,13,59,7,1,7,신혼부부
2190,3,5,36,3,4,2,2,0,5,47,4,0,4,청년
2194,2,5,35,1,4,1,4,0,4,41,2,0,2,신혼부부
2199,3,5,35,2,4,1,3,0,5,47,4,1,4,청년
2205,1,4,28,1,3,1,2,0,6,44,3,1,3,청년
2210,2,5,25,1,4,3,2,0,8,50,6,8,6,청년
2213,2,3,20,2,3,3,3,0,11,50,8,8,8,청년
