매입임대고유번호,자치구,법정동,지번,지형높이,지형형상,도로접면,OSC공법유형(소/중/대형패널)
1927,송파구,풍납동,89-20,평지,세로장방,세로한면(가),소형
1928,송파구,풍납동,142-56,평지,정방형,세로한면(가),소형
1929,송파구,풍납동,277-11,평지,자루형,세로한면(가),소형
1930,송파구,풍납동,277-12,평지,세로장방,세로한면(가),소형
1931,송파구,풍납동,398-14,평지,정방형,세로한면(가),소형
1932,송파구,풍납동,400-4,평지,세로장방,세로한면(가),소형
2048,강동구,명이동,337-26,평지,세로장방,세로한면(가),소형
2103,강동구,둔촌동,52-13,평지,사다리형,중로한면,대형
2105,강동구,둔촌동,65-3,평지,세로장방,소로한면,중형
2109,강동구,둔촌동,439-1,평지,세로장방,세로한면(불),소형
2113,강동구,둔촌동,457-3,평지,정방형,세로한면(가),소형
2119,강동구,암사동,437-21,평지,부정형,소로한면,소형
2125,강동구,암사동,461-6,평지,세로장방,세로한면(가),소형
2131,강동구,암사동,478-52,평지,사다리형,세로한면(가),소형
2147,강동구,성내동,136-18,평지,가로장방,세로한면(가),소형
2148,강동구,성내동,150-4,평지,사다리형,세로각지(가),소형
2153,강동구,성내동,387-2,평지,세로장방,세로한면(불),소형
2155,강동구,성내동,405-21,평지,자루형,세로한면(가),소형
2157,강동구,성내동,411-18,평지,가로장방,세로한면(가),소형
2158,강동구,성내동,423-60,평지,자루형,소로한면,소형
2159,강동구,성내동,431-4,평지,세로장방,세로한면(가),소형
2160,강동구,성내동,433-7,평지,세로장방,소로한면,중형
2161,강동구,성내동,435-32,평지,자루형,소로한면,소형
2166,강동구,성내동,519-3,평지,세로장방,중로한면,대형
2168,강동구,천호동,18-18,평지,세로장방,세로한면(가),소형
2174,강동구,천호동,30-10,평지,자루형,세로한면(가),소형
2175,강동구,천호동,36-3,완경사,사다리형,세로한면(불),소형
2187,강동구,천호동,185-19,완경사,정방형,세로한면(가),소형
2190,강동구,천호동,228-7,평지,사다리형,세로한면(가),소형
2194,강동구,천호동,289-11,평지,정방형,세로한면(가),소형
2199,강동구,천호동,294-15,평지,정방형,세로한면(가),소형
2205,강동구,천호동,315-13,평지,세로장방,세로한면(가),소형
2210,강동구,천호동,389-10,평지,사다리형,세로한면(가),소형
2213,강동구,천호동,555-2,완경사,사다리형,세로각지(불),소형
1920,송파구,잠실동,218-5,평지,가로장방,세로한면(가),
1921,송파구,잠실동,226-2,평지,세로장방,세로한면(가),소형
1922,송파구,잠실동,226-15,평지,세로장방,세로한면(가),소형
1924,송파구,잠실동,321-8,평지,세로장방,세로한면(가),소형
1926,송파구,잠실동,341-1,평지,사다리형,세로한면(가),소형
1940,송파구,송파동,185-10,평지,세로장방,세로한면(가),소형
1941,송파구,석촌동,7-9,평지,세로장방,세로한면(가),소형
1942,송파구,석촌동,12-4,평지,세로장방,소로한면,중형
1943,송파구,석촌동,52-2,평지,사다리형,세로한면(가),소형
1945,송파구,석촌동,77-4,평지,정방형,세로각지(가),소형
1946,송파구,석촌동,150-34,평지,세로장방,세로한면(가),소형
1949,송파구,석촌동,233-9,평지,세로장방,세로한면(가),소형
1950,송파구,석촌동,234-8,평지,세로장방,세로한면(가),소형
1951,송파구,석촌동,242-3,평지,세로장방,세로한면(가),소형
1957,송파구,삼전동,38-23,평지,세로장방,세로한면(가),소형
1958,송파구,삼전동,41-12,평지,세로장방,세로한면(가),소형
1959,송파구,삼전동,50-1,평지,세로장방,세로한면(가),소형
1960,송파구,삼전동,55-2,평지,세로장방,세로한면(가),소형
1961,송파구,삼전동,64-4,평지,세로장방,세로한면(가),소형
1962,송파구,삼전동,168-6,평지,자루형,소로한면,소형
1964,송파구,가락동,4-2,평지,세로장방,세로한면(가),소형
1968,송파구,가락동,129-4,평지,세로장방,세로한면(가),소형
1976,송파구,가락동,194-9,평지,가로장방,세로한면(가),소형
1979,송파구,문정동,48-11,평지,정방형,세로한면(가),소형
1980,송파구,문정동,100-2,평지,가로장방,세로한면(가),
1981,송파구,문정동,110-16,평지,세로장방,세로한면(가),
1984,송파구,방이동,138-9,평지,세로장방,세로한면(가),소형
1985,송파구,방이동,140-16,평지,세로장방,세로한면(가),소형
1986,송파구,방이동,145-37,평지,세로장방,세로한면(가),소형
1990,송파구,방이동,162-17,평지,세로장방,세로한면(가),소형
1991,송파구,방이동,185-15,평지,세로장방,세로한면(가),소형
1992,송파구,방이동,223-4,평지,자루형,소로한면,소형
1998,송파구,오금동,65-8,평지,사다리형,소로각지,중형
2006,송파구,오금동,119-3,평지,사다리형,소로각지,중형
2007,송파구,오금동,120-22,평지,사다리형,세로한면(가),소형
2012,송파구,거여동,30-6,평지,정방형,세로한면(가),소형
2013,송파구,거여동,132-26,평지,정방형,세로한면(불),소형
2014,송파구,거여동,132-36,평지,사다리형,세로한면(가),소형
2015,송파구,거여동,133-1,평지,사다리형,세로한면(가),소형
2016,송파구,거여동,133-58,평지,자루형,세로한면(가),소형
2017,송파구,거여동,136-99,평지,세로장방,소로한면,중형
2018,송파구,거여동,225-81,평지,세로장방,세로한면(가),소형
2024,송파구,마천동,84-13,평지,사다리형,세로한면(가),소형
2025,송파구,마천동,87-28,평지,사다리형,세로한면(가),
2026,송파구,마천동,88-2,평지,사다리형,소로한면,중형
2027,송파구,마천동,95-20,평지,사다리형,세로한면(불),소형
2028,송파구,마천동,184-38,평지,사다리형,세로한면(가),소형
2029,송파구,마천동,190-38,평지,세로장방,소로한면,
2030,송파구,마천동,193-6,평지,사다리형,세로한면(불),소형
2031,송파구,마천동,197-7,평지,가로장방,세로한면(가),소형
2032,송파구,마천동,207-12,평지,세로장방,세로한면(가),소형
2033,송파구,마천동,207-13,평지,세로장방,세로한면(가),소형
2034,송파구,마천동,207-18,평지,가로장방,세로각지(가),소형
2036,송파구,마천동,277-21,평지,사다리형,세로각지(가),
2037,송파구,마천동,279-3,평지,사다리형,광대세각,
2038,송파구,마천동,283-84,평지,사다리형,세로한면(가),소형
2039,송파구,마천동,308-20,평지,사다리형,세로한면(가),소형
2040,송파구,마천동,309-20,평지,가로장방,세로한면(불),소형
2041,송파구,마천동,309-37,평지,자루형,소로한면,소형
2042,송파구,마천동,312-10,평지,세로장방,세로한면(불),소형
2043,송파구,마천동,322-15,평지,정방형,세로한면(가),소형
2044,송파구,마천동,323-182,평지,가로장방,세로한면(불),소형
2045,송파구,마천동,336-2,완경사,세로장방,세로한면(불),
2046,송파구,마천동,347-1,완경사,정방형,세로각지(가),소형
2047,송파구,마천동,571-5,평지,사다리형,세로각지(가),소형
1803,서초구,방배동,527-8,평지,사다리형,세로한면(가),소형
1805,서초구,방배동,593-56,완경사,세로장방,세로한면(가),소형
1808,서초구,방배동,793-14,평지,자루형,세로한면(가),소형
1809,서초구,방배동,829-7,평지,정방형,세로한면(가),소형
1814,서초구,방배동,918-2,평지,세로장방,소로한면,중형
1815,서초구,방배동,919-19,평지,가로장방,세로각지(가),소형
1816,서초구,방배동,987-12,평지,세로장방,소로한면,
1817,서초구,양장동,83-9,평지,가로장방,세로한면(가),소형
1823,서초구,양장동,375-1,평지,세로장방,세로한면(가),소형
1826,서초구,양장동,397-5,평지,세로장방,세로한면(가),소형
1827,서초구,우면동,8-13,평지,세로장방,세로각지(가),소형
1828,서초구,잠원동,11-9,평지,자루형,세로한면(가),소형
1829,서초구,잠원동,29-16,평지,가로장방,세로한면(가),소형
1831,서초구,잠원동,45-12,평지,세로장방,세로한면(가),소형
1832,서초구,반포동,742-2,평지,정방형,소로한면,중형
1833,서초구,서초동,1427-9,평지,세로장방,세로한면(가),소형
1835,서초구,서초동,1428-6,평지,자루형,소로한면,소형
1836,서초구,서초동,1430-6,평지,사다리형,소로각지,중형
1837,서초구,서초동,1442-12,평지,사다리형,세로한면(가),소형
1838,서초구,서초동,1451-28,평지,세로장방,세로한면(가),소형
1841,서초구,서초동,1507-3,평지,정방형,세로한면(가),소형
1842,서초구,서초동,1507-45,평지,세로장방,세로한면(가),소형
1843,서초구,서초동,1508-12,평지,세로장방,세로한면(가),소형
1844,서초구,서초동,1515-13,평지,세로장방,세로한면(가),소형
1845,서초구,서초동,1610-10,평지,부정형,세로한면(가),소형
1846,서초구,서초동,1612-8,평지,세로장방,세로한면(가),소형
1847,서초구,서초동,1628-4,평지,정방형,소로각지,중형
1848,서초구,서초동,1643-49,평지,정방형,세로한면(가),소형
1849,서초구,염곡동,100-34,평지,사다리형,세로각지(가),소형
1850,강남구,역삼동,672-22,평지,가로장방,세로한면(가),소형
1851,강남구,역삼동,743-8,평지,가로장방,세로한면(가),소형
1852,강남구,역삼동,747-8,평지,세로장방,세로한면(가),소형
1858,강남구,역삼동,794-13,평지,자루형,세로한면(가),소형
1859,강남구,역삼동,797-9,평지,정방형,세로한면(가),소형
1860,강남구,역삼동,834-70,평지,자루형,세로한면(가),
1861,강남구,역삼동,834-71,평지,자루형,세로한면(가),소형
1862,강남구,개포동,1173-4,평지,세로장방,세로한면(가),소형
1864,강남구,개포동,1206-7,평지,정방형,세로한면(가),소형
1865,강남구,개포동,1235-1,평지,가로장방,세로한면(가),소형
1866,강남구,개포동,1237-14,평지,세로장방,소로한면,중형
1870,강남구,청담동,11-6,평지,정방형,세로한면(가),소형
1871,강남구,청담동,11-7,평지,정방형,세로각지(가),소형
1872,강남구,청담동,20-6,평지,자루형,세로한면(가),중형
1873,강남구,청담동,26-27,평지,세로장방,세로한면(가),소형
1874,강남구,청담동,55-11,평지,사다리형,세로한면(가),소형
1875,강남구,청담동,123-32,평지,가로장방,세로한면(가),소형
1876,강남구,삼성동,9-13,평지,세로장방,세로한면(가),소형
1877,강남구,삼성동,25-15,평지,세로장방,세로각지(가),소형
1878,강남구,삼성동,26-12,평지,정방형,세로한면(가),소형
1879,강남구,삼성동,29-8,평지,자루형,세로한면(가),소형
1880,강남구,삼성동,34-5,평지,세로장방,세로한면(가),소형
1881,강남구,삼성동,36-2,평지,정방형,세로한면(가),소형
1882,강남구,삼성동,39-3,평지,정방형,세로한면(가),소형
1883,강남구,삼성동,44-6,평지,자루형,소로한면,소형
1884,강남구,삼성동,46-24,평지,가로장방,세로한면(가),소형
1885,강남구,삼성동,47-15,평지,정방형,세로한면(가),소형
1886,강남구,삼성동,61-6,평지,세로장방,세로한면(가),중형
1888,강남구,삼성동,120-11,평지,자루형,세로한면(가),소형
1889,강남구,대치동,915-8,평지,사다리형,세로한면(가),소형
1890,강남구,대치동,916-55,평지,세로장방,세로각지(가),소형
1891,강남구,대치동,916-64,평지,정방형,세로한면(가),소형
1892,강남구,대치동,1015-2,평지,자루형,세로한면(가),소형
1893,강남구,신사동,522-15,평지,가로장방,세로한면(가),소형
1894,강남구,신사동,555-33,평지,가로장방,세로각지(가),소형
1895,강남구,논현동,16-19,평지,정방형,세로한면(가),소형
1896,강남구,논현동,72-5,평지,세로장방,세로한면(가),소형
1897,강남구,논현동,73-10,평지,정방형,세로한면(가),소형
1898,강남구,논현동,95-3,평지,자루형,세로한면(가),소형
1899,강남구,논현동,99-17,평지,자루형,세로한면(가),소형
1900,강남구,논현동,100-17,평지,자루형,세로한면(가),소형
1901,강남구,논현동,100-25,평지,정방형,세로한면(가),소형
1902,강남구,논현동,100-29,평지,자루형,세로한면(가),소형
1903,강남구,논현동,103-13,평지,세로장방,세로한면(가),소형
1904,강남구,논현동,103-14,평지,가로장방,세로각지(가),소형
1905,강남구,논현동,107-15,평지,사다리형,세로각지(가),소형
1906,강남구,논현동,131-2,평지,가로장방,세로한면(가),소형
1907,강남구,논현동,134-12,평지,자루형,세로한면(가),소형
1908,강남구,논현동,148-4,평지,자루형,세로한면(가),소형
1909,강남구,논현동,151-5,평지,정방형,세로한면(가),소형
1910,강남구,논현동,174-12,평지,가로장방,세로한면(가),소형
1912,강남구,논현동,180-3,평지,세로장방,세로한면(가),소형
1913,강남구,논현동,189-18,평지,자루형,세로한면(가),소형
1914,강남구,논현동,231-3,평지,세로장방,세로한면(가),중형
1915,강남구,논현동,262-10,평지,세로장방,세로각지(가),소형
1916,강남구,논현동,263-2,평지,사다리형,세로각지(가),소형
1917,강남구,논현동,263-3,평지,세로장방,세로각지(가),소형
1918,강남구,논현동,272-4,평지,세로장방,세로한면(가),소형
1919,강남구,도곡동,193-77,평지,사다리형,세로각지(가),
1373,구로구,고천동,52-122,완경사,사다리형,세로한면(가),소형
1376,구로구,고천동,241-69,완경사,가로장방,세로한면(가),소형
1382,구로구,고천동,250-94,평지,가로장방,세로각지(가),소형
1386,구로구,고천동,263-7,평지,부정형,세로한면(불),소형
1396,구로구,개봉동,44-3,완경사,부정형,세로한면(가),소형
1418,구로구,개봉동,270-75,완경사,부정형,세로한면(가),소형
1419,구로구,개봉동,278-16,평지,자루형,소로한면,
1422,구로구,개봉동,305-31,평지,가로장방,세로한면(가),소형
1429,구로구,개봉동,313-7,평지,사다리형,세로각지(가),소형
1432,구로구,개봉동,319-27,완경사,자루형,세로한면(가),소형
1433,구로구,개봉동,323-30,평지,자루형,소로한면,소형
1437,구로구,개봉동,337-18,완경사,세로장방,세로각지(가),소형
1439,구로구,개봉동,342-3,평지,세로장방,세로한면(가),소형
1442,구로구,개봉동,365-6,평지,자루형,소로한면,소형
1443,구로구,개봉동,417-25,평지,사다리형,세로한면(가),
1444,구로구,개봉동,459-1,완경사,가로장방,세로각지(가),소형
1447,구로구,오류동,27-39,완경사,사다리형,세로한면(가),소형
1448,구로구,오류동,31-259,완경사,부정형,세로한면(가),소형
1451,구로구,오류동,313-35,평지,사다리형,세로한면(가),소형
1370,구로구,구로동,743-43,평지,세로장방,세로한면(가),소형
1463,금천구,독산동,165-29,완경사,세로장방,세로한면(가),소형
1467,금천구,독산동,181-97,완경사,사다리형,세로각지(가),소형
1468,금천구,독산동,181-98,완경사,정방형,세로한면(가),소형
1469,금천구,독산동,181-108,완경사,사다리형,세로한면(가),소형
1470,금천구,독산동,186-6,완경사,사다리형,세로한면(가),소형
1471,금천구,독산동,188-23,완경사,가로장방,세로한면(가),소형
1472,금천구,독산동,199-27,평지,정방형,세로한면(가),소형
1473,금천구,독산동,378-48,완경사,가로장방,세로각지(가),
1479,금천구,독산동,378-433,완경사,사다리형,세로각지(가),소형
1481,금천구,독산동,893-18,평지,세로장방,세로한면(가),소형
1482,금천구,독산동,896-5,평지,정방형,세로한면(가),소형
1495,금천구,독산동,1021-21,평지,사다리형,세로한면(가),소형
1496,금천구,독산동,1022-59,완경사,세로장방,세로한면(가),소형
1506,금천구,독산동,1102-4,평지,정방형,소로한면,중형
1514,금천구,시흥동,793-15,평지,자루형,세로한면(가),소형
1515,금천구,시흥동,807-15,평지,부정형,세로각지(가),소형
1516,금천구,시흥동,808-23,평지,자루형,세로각지(가),소형
1520,금천구,시흥동,835-26,평지,세로장방,세로한면(가),소형
1522,금천구,시흥동,853-36,평지,자루형,세로한면(가),소형
1523,금천구,시흥동,856-6,평지,세로장방,세로한면(가),소형
1524,금천구,시흥동,891-17,평지,세로장방,세로한면(가),소형
1529,금천구,시흥동,917-33,평지,자루형,소로한면,소형
1532,금천구,시흥동,930-1,평지,세로장방,세로한면(가),소형
1534,금천구,시흥동,945-43,완경사,사다리형,세로한면(가),소형
1535,금천구,시흥동,985-19,평지,사다리형,세로한면(가),소형
1536,영등포구,영등포동,602-22,평지,자루형,중로한면,소형
1537,영등포구,영등포동,618-75,평지,사다리형,세로한면(가),소형
1544,영등포구,도림동,186-7,평지,사다리형,세로한면(가),소형
1553,영등포구,신길동,158-40,평지,세로장방,세로각지(가),소형
1554,영등포구,신길동,287-16,평지,사다리형,세로한면(가),소형
1559,영등포구,대림동,730-4,평지,사다리형,소로각지,
1564,영등포구,대림동,882-23,완경사,사다리형,세로한면(불),소형
1565,영등포구,대림동,934-52,평지,사다리형,세로각지(가),소형
1566,동작구,노량진동,215-1,완경사,사다리형,세로한면(가),소형
1567,동작구,노량진동,221-23,급경사,사다리형,세로한면(가),
1568,동작구,상도동,134-252,급경사,세로장방,세로한면(불),소형
1570,동작구,상도동,244-226,급경사,사다리형,세로한면(가),소형
1571,동작구,상도동,244-235,급경사,정방형,세로한면(가),소형
1572,동작구,상도동,244-236,급경사,정방형,세로한면(가),소형
1573,동작구,상도동,244-258,급경사,사다리형,소로각지,소형
1585,동작구,상도동,299-191,완경사,사다리형,세로각지(가),
1592,동작구,사당동,183-34,완경사,사다리형,중로한면,중형
1593,동작구,사당동,202-21,평지,사다리형,세로각지(가),소형
1594,동작구,사당동,206-104,평지,가로장방,세로한면(가),소형
1595,동작구,사당동,235-13,완경사,사다리형,세로한면(가),소형
1600,동작구,대방동,391-21,완경사,세로장방,소로한면,중형
1601,동작구,대방동,391-34,평지,부정형,세로한면(가),소형
1604,동작구,신대방동,344-73,완경사,사다리형,세로한면(불),소형
1607,동작구,신대방동,692-43,평지,자루형,중로한면,소형
1611,관악구,봉천동,66-18,완경사,세로장방,세로한면(가),소형
1612,관악구,봉천동,66-102,완경사,세로장방,세로한면(가),소형
1613,관악구,봉천동,98-4,완경사,사다리형,세로한면(불),소형
1614,관악구,봉천동,100-208,완경사,가로장방,세로각지(가),소형
1615,관악구,봉천동,180-582,완경사,세로장방,중로한면,중형
1616,관악구,봉천동,480-110,완경사,세로장방,세로한면(가),소형
1618,관악구,봉천동,635-98,완경사,세로장방,세로한면(가),소형
1624,관악구,봉천동,635-407,완경사,정방형,세로한면(불),소형
1626,관악구,봉천동,649-146,완경사,사다리형,세로한면(불),소형
1627,관악구,봉천동,661-51,완경사,가로장방,세로한면(가),
1628,관악구,봉천동,662-95,완경사,사다리형,세로한면(가),소형
1630,관악구,봉천동,693-1,평지,부정형,세로한면(가),소형
1631,관악구,봉천동,715-40,완경사,세로장방,세로한면(가),소형
1632,관악구,봉천동,715-132,완경사,사다리형,세로한면(가),소형
1634,관악구,봉천동,900-46,완경사,세로장방,세로한면(가),소형
1635,관악구,봉천동,900-78,완경사,정방형,세로한면(가),소형
1636,관악구,봉천동,902-42,평지,사다리형,세로한면(가),소형
1637,관악구,봉천동,921-5,평지,세로장방,세로한면(가),소형
1638,관악구,봉천동,934-10,평지,정방형,세로한면(가),소형
1639,관악구,봉천동,1598-36,평지,정방형,세로한면(가),소형
1640,관악구,봉천동,1617-2,완경사,정방형,세로한면(가),소형
1641,관악구,봉천동,1691-17,완경사,사다리형,세로한면(가),
1642,관악구,신림동,10-130,완경사,세로장방,세로한면(가),소형
1643,관악구,신림동,90-58,완경사,사다리형,세로한면(가),소형
1644,관악구,신림동,92-58,급경사,사다리형,세로한면(가),소형
1645,관악구,신림동,92-72,급경사,정방형,세로한면(불),
1646,관악구,신림동,92-73,급경사,정방형,세로한면(불),소형
1647,관악구,신림동,92-225,급경사,가로장방,세로한면(가),소형
1648,관악구,신림동,92-332,급경사,세로장방,세로한면(가),소형
1649,관악구,신림동,94-171,급경사,세로장방,세로한면(가),소형
1650,관악구,신림동,94-186,완경사,사다리형,세로한면(가),소형
1651,관악구,신림동,95-24,평지,사다리형,세로한면(불),소형
1652,관악구,신림동,95-80,완경사,사다리형,세로각지(가),소형
1653,관악구,신림동,98-55,급경사,정방형,세로한면(가),소형
1654,관악구,신림동,98-85,급경사,정방형,세로한면(가),소형
1655,관악구,신림동,98-119,급경사,세로장방,세로한면(가),소형
1656,관악구,신림동,98-196,급경사,정방형,세로각지(가),소형
1657,관악구,신림동,98-207,급경사,정방형,세로한면(가),소형
1658,관악구,신림동,98-234,급경사,정방형,세로한면(가),소형
1659,관악구,신림동,98-241,급경사,자루형,세로한면(가),소형
1660,관악구,신림동,98-365,급경사,가로장방,세로각지(가),소형
1661,관악구,신림동,98-366,급경사,세로장방,세로한면(가),소형
1662,관악구,신림동,98-384,급경사,정방형,세로한면(가),소형
1663,관악구,신림동,98-405,급경사,정방형,세로각지(가),소형
1664,관악구,신림동,98-406,급경사,가로장방,세로한면(가),소형
1665,관악구,신림동,102-23,급경사,세로장방,세로한면(가),소형
1666,관악구,신림동,102-46,급경사,세로장방,세로한면(가),소형
1668,관악구,신림동,108-9,평지,사다리형,세로각지(가),소형
1670,관악구,신림동,127-36,완경사,부정형,세로한면(가),소형
1671,관악구,신림동,251-130,완경사,세로장방,세로한면(불),소형
1672,관악구,신림동,251-131,완경사,세로장방,세로한면(불),소형
1673,관악구,신림동,251-169,완경사,세로장방,세로한면(불),소형
1674,관악구,신림동,251-503,급경사,부정형,소로각지,소형
1675,관악구,신림동,254-1,급경사,사다리형,세로한면(가),소형
1676,관악구,신림동,254-213,급경사,세로장방,세로한면(가),소형
1679,관악구,신림동,306-33,급경사,정방형,세로한면(가),소형
1681,관악구,신림동,409-30,급경사,가로장방,세로한면(가),소형
1682,관악구,신림동,409-164,완경사,세로장방,세로한면(가),소형
1683,관악구,신림동,412-104,급경사,가로장방,세로각지(가),소형
1684,관악구,신림동,412-133,급경사,세로장방,세로한면(가),소형
1685,관악구,신림동,412-216,급경사,사다리형,세로한면(가),소형
1686,관악구,신림동,412-217,급경사,사다리형,세로한면(가),소형
1687,관악구,신림동,412-320,급경사,세로장방,세로한면(가),소형
1688,관악구,신림동,412-398,완경사,세로장방,세로한면(가),소형
1689,관악구,신림동,412-475,급경사,세로장방,세로한면(가),소형
1690,관악구,신림동,441-36,완경사,세로장방,세로한면(가),소형
1691,관악구,신림동,441-41,완경사,사다리형,세로한면(가),소형
1692,관악구,신림동,459-16,평지,가로장방,세로한면(가),소형
1693,관악구,신림동,459-38,평지,세로장방,세로한면(가),소형
1694,관악구,신림동,463-62,평지,사다리형,세로한면(가),소형
1695,관악구,신림동,465-3,완경사,사다리형,세로한면(가),소형
1696,관악구,신림동,468-13,평지,자루형,세로한면(가),소형
1697,관악구,신림동,468-20,평지,세로장방,세로한면(가),소형
1698,관악구,신림동,469-16,평지,세로장방,세로한면(불),소형
1700,관악구,신림동,473-9,평지,세로장방,세로한면(가),소형
1701,관악구,신림동,485-40,평지,자루형,세로한면(가),소형
1702,관악구,신림동,488-3,평지,가로장방,세로한면(가),소형
1703,관악구,신림동,494-45,평지,자루형,세로한면(가),소형
1704,관악구,신림동,503-25,평지,자루형,중로한면,소형
1705,관악구,신림동,505-5,평지,자루형,세로한면(가),소형
1706,관악구,신림동,505-8,평지,세로장방,세로한면(가),소형
1707,관악구,신림동,510-35,평지,자루형,소로한면,
1708,관악구,신림동,569-43,평지,가로장방,세로한면(불),소형
1710,관악구,신림동,570-23,평지,자루형,소로한면,소형
1711,관악구,신림동,592-7,평지,세로장방,세로한면(불),소형
1712,관악구,신림동,596-18,평지,사다리형,세로한면(가),소형
1713,관악구,신림동,597-50,급경사,정방형,세로한면(가),소형
1714,관악구,신림동,597-57,급경사,정방형,세로각지(가),소형
1715,관악구,신림동,597-74,완경사,정방형,세로각지(가),소형
1716,관악구,신림동,597-76,완경사,정방형,세로한면(가),소형
1717,관악구,신림동,598-73,급경사,정방형,소로각지,소형
1718,관악구,신림동,598-132,완경사,정방형,세로각지(가),소형
1719,관악구,신림동,598-147,완경사,가로장방,세로각지(가),소형
1720,관악구,신림동,598-190,급경사,세로장방,세로한면(가),소형
1721,관악구,신림동,598-243,완경사,정방형,세로한면(가),소형
1722,관악구,신림동,598-248,완경사,정방형,세로한면(가),소형
1723,관악구,신림동,598-316,급경사,정방형,세로한면(가),소형
1724,관악구,신림동,608-1,완경사,자루형,세로한면(가),소형
1725,관악구,신림동,610-1,완경사,세로장방,세로한면(가),소형
1726,관악구,신림동,610-9,급경사,세로장방,세로각지(가),소형
1727,관악구,신림동,610-14,급경사,세로장방,세로한면(가),소형
1728,관악구,신림동,610-37,급경사,세로장방,세로한면(가),소형
1729,관악구,신림동,610-38,급경사,세로장방,세로한면(가),소형
1730,관악구,신림동,610-39,급경사,세로장방,세로한면(가),소형
1732,관악구,신림동,610-88,완경사,세로장방,세로한면(가),소형
1733,관악구,신림동,610-107,완경사,세로장방,세로한면(가),소형
1738,관악구,신림동,610-361,급경사,세로장방,세로한면(가),소형
1739,관악구,신림동,610-370,급경사,세로장방,세로각지(가),소형
1740,관악구,신림동,610-371,급경사,가로장방,세로한면(가),소형
1741,관악구,신림동,610-376,급경사,가로장방,세로한면(가),소형
1742,관악구,신림동,610-496,완경사,세로장방,세로각지(가),소형
1743,관악구,신림동,610-502,완경사,부정형,세로한면(가),소형
1744,관악구,신림동,610-514,급경사,세로장방,세로한면(가),소형
1745,관악구,신림동,610-535,완경사,세로장방,세로한면(가),소형
1747,관악구,신림동,610-587,완경사,가로장방,세로각지(가),소형
1748,관악구,신림동,611-36,평지,사다리형,세로한면(가),소형
1749,관악구,신림동,611-69,완경사,세로장방,세로한면(가),소형
1750,관악구,신림동,618-10,평지,세로장방,세로한면(가),소형
1751,관악구,신림동,622-11,평지,사다리형,세로한면(불),소형
1752,관악구,신림동,626-58,완경사,정방형,세로한면(가),소형
1754,관악구,신림동,629-54,완경사,정방형,세로한면(가),소형
1755,관악구,신림동,633-25,평지,세로장방,세로한면(가),소형
1756,관악구,신림동,639-13,평지,사다리형,세로각지(가),소형
1757,관악구,신림동,646-288,급경사,사다리형,세로한면(불),소형
1758,관악구,신림동,646-289,급경사,정방형,세로한면(불),소형
1762,관악구,신림동,652-99,완경사,사다리형,세로한면(가),소형
1764,관악구,신림동,673-31,평지,세로장방,세로한면(가),소형
1765,관악구,신림동,673-77,평지,사다리형,세로각지(가),소형
1766,관악구,신림동,675-97,완경사,사다리형,소로한면,중형
1767,관악구,신림동,675-107,완경사,세로장방,세로한면(가),소형
1768,관악구,신림동,706-14,평지,사다리형,세로한면(가),소형
1769,관악구,신림동,706-98,평지,사다리형,세로한면(가),소형
1770,관악구,신림동,709-1,평지,부정형,세로한면(가),소형
1771,관악구,신림동,711-13,완경사,사다리형,세로한면(가),소형
1772,관악구,신림동,711-78,평지,사다리형,세로각지(가),소형
1773,관악구,신림동,711-79,완경사,세로장방,세로각지(가),소형
1775,관악구,신림동,748-28,평지,부정형,세로한면(가),소형
1776,관악구,신림동,752-10,평지,사다리형,세로한면(가),소형
1778,관악구,신림동,1449-32,평지,사다리형,세로한면(가),소형
1779,관악구,신림동,1450-7,평지,세로장방,세로한면(가),소형
1780,관악구,신림동,1491-8,평지,자루형,세로한면(가),소형
1783,관악구,신림동,1561-19,완경사,정방형,소로한면,중형
1784,관악구,신림동,1563-32,완경사,정방형,세로한면(가),소형
1785,관악구,신림동,1563-33,완경사,정방형,세로한면(가),소형
1786,관악구,신림동,1563-54,완경사,정방형,세로각지(가),소형
1788,관악구,신림동,1564-24,급경사,정방형,세로한면(가),소형
1789,관악구,신림동,1570-12,평지,정방형,세로한면(가),소형
1790,관악구,신림동,1571-6,평지,자루형,세로한면(가),소형
1791,관악구,신림동,1571-21,평지,세로장방,소로한면,
1792,관악구,신림동,1571-22,평지,세로장방,소로한면,중형
1793,관악구,신림동,1573-6,평지,정방형,세로한면(가),소형
1794,관악구,신림동,1573-28,평지,세로장방,소로한면,중형
1796,관악구,신림동,1574-31,평지,세로장방,세로각지(가),소형
1797,관악구,신림동,1629-6,평지,사다리형,세로각지(가),소형
1798,관악구,신림동,1631-38,평지,자루형,세로한면(가),소형
1799,관악구,신림동,1652-12,평지,가로장방,세로한면(가),소형
1800,관악구,신림동,1678-35,완경사,정방형,소로각지,중형
1801,관악구,남현동,1053-12,완경사,자루형,세로한면(가),소형
1346,강서구,공향동,40-36,평지,사다리형,세로한면(가),소형
1349,강서구,공향동,301-60,평지,자루형,소로한면,소형
1353,강서구,공향동,1349-3,평지,정방형,소로한면,중형
1354,강서구,공향동,1352-4,평지,가로장방,소로한면,중형
1355,강서구,공향동,1352-11,평지,가로장방,소로한면,중형
1358,강서구,방화동,251-21,평지,세로장방,세로한면(가),소형
1360,강서구,방화동,536-14,평지,사다리형,세로각지(가),소형
1361,강서구,방화동,564-65,평지,부정형,세로한면(가),소형
1362,강서구,방화동,575-18,평지,사다리형,세로한면(불),소형
1013,양천구,신정동,910-5,평지,자루형,세로한면(가),소형
1017,양천구,신정동,923-7,완경사,정방형,세로한면(가),소형
1018,양천구,신정동,926-10,평지,자루형,세로한면(가),소형
1020,양천구,신정동,928-13,완경사,정방형,세로한면(가),소형
1024,양천구,신정동,940-17,완경사,정방형,세로한면(가),소형
1025,양천구,신정동,950-14,완경사,자루형,소로한면,소형
1026,양천구,신정동,957-1,평지,정방형,세로각지(가),
1028,양천구,신정동,957-29,평지,자루형,세로한면(가),소형
1032,양천구,신정동,1012-2,완경사,세로장방,소로한면,중형
1033,양천구,신정동,1016-15,평지,세로장방,소로한면,
1034,양천구,신정동,1016-23,평지,세로장방,세로한면(가),소형
1035,양천구,신정동,1019-19,평지,정방형,소로각지,중형
1036,양천구,신정동,1026-14,평지,자루형,세로한면(가),소형
1037,양천구,신정동,1198-18,완경사,세로장방,세로한면(가),소형
1038,양천구,신정동,1217-8,완경사,가로장방,세로각지(가),소형
1080,양천구,신월동,18-9,평지,자루형,중로한면,소형
1082,양천구,신월동,19-27,평지,세로장방,세로한면(불),소형
1083,양천구,신월동,29-14,평지,정방형,세로각지(가),소형
1085,양천구,신월동,58-33,평지,정방형,세로한면(가),소형
1086,양천구,신월동,58-37,평지,가로장방,세로한면(불),소형
1087,양천구,신월동,64-7,평지,세로장방,소로한면,중형
1089,양천구,신월동,75-10,평지,정방형,세로한면(가),소형
1090,양천구,신월동,76-6,평지,가로장방,세로각지(가),소형
1094,양천구,신월동,84-7,평지,세로장방,세로한면(가),소형
1095,양천구,신월동,84-15,평지,사다리형,세로한면(가),소형
1096,양천구,신월동,91-23,평지,자루형,세로한면(가),소형
1097,양천구,신월동,94-3,평지,사다리형,세로각지(가),
1099,양천구,신월동,98-11,평지,세로장방,세로한면(불),소형
1100,양천구,신월동,98-29,평지,세로장방,세로한면(불),소형
1101,양천구,신월동,105-23,평지,자루형,중로한면,소형
1102,양천구,신월동,106-14,평지,자루형,세로한면(가),소형
1103,양천구,신월동,107-8,평지,정방형,세로한면(가),소형
1104,양천구,신월동,107-13,평지,세로장방,세로한면(불),소형
1105,양천구,신월동,110-20,평지,세로장방,세로한면(가),소형
1106,양천구,신월동,110-25,평지,정방형,세로한면(가),소형
1107,양천구,신월동,114-25,평지,자루형,세로한면(가),소형
1108,양천구,신월동,121-13,평지,자루형,세로한면(가),소형
1109,양천구,신월동,123-19,평지,자루형,세로한면(가),소형
1110,양천구,신월동,124-4,평지,세로장방,세로한면(가),
1111,양천구,신월동,124-22,평지,자루형,중로한면,소형
1113,양천구,신월동,132-5,평지,자루형,세로한면(가),소형
1114,양천구,신월동,133-28,평지,세로장방,세로한면(가),소형
1122,양천구,신월동,200-24,평지,자루형,세로한면(가),소형
1123,양천구,신월동,207-3,평지,세로장방,세로한면(가),소형
1127,양천구,신월동,226-4,평지,자루형,중로한면,소형
1129,양천구,신월동,232-25,평지,자루형,세로한면(가),소형
1131,양천구,신월동,233-6,평지,자루형,세로한면(가),소형
1132,양천구,신월동,233-7,평지,자루형,세로한면(가),소형
1133,양천구,신월동,233-12,평지,자루형,세로한면(가),소형
1134,양천구,신월동,233-23,평지,가로장방,세로한면(가),
1135,양천구,신월동,233-25,평지,정방형,세로한면(불),소형
1136,양천구,신월동,242-12,평지,세로장방,세로각지(가),소형
1137,양천구,신월동,243-22,평지,정방형,세로한면(가),소형
1141,양천구,신월동,439-2,평지,세로장방,세로한면(가),
1150,강서구,등촌동,365-50,완경사,세로장방,세로각지(가),소형
1151,강서구,등촌동,533-41,평지,사다리형,세로각지(가),소형
1152,강서구,등촌동,568-27,완경사,세로장방,세로한면(가),소형
1153,강서구,등촌동,569-5,완경사,정방형,세로한면(가),소형
1154,강서구,등촌동,569-14,완경사,정방형,세로한면(가),소형
1155,강서구,등촌동,647-19,평지,세로장방,세로한면(가),소형
1158,강서구,화곡동,24-221,평지,정방형,세로한면(가),소형
1159,강서구,화곡동,29-14,평지,정방형,세로한면(가),
1160,강서구,화곡동,29-87,평지,사다리형,세로한면(불),소형
1161,강서구,화곡동,29-199,평지,사다리형,세로한면(가),소형
1163,강서구,화곡동,46-15,평지,세로장방,세로한면(가),소형
1165,강서구,화곡동,46-294,평지,세로장방,세로한면(가),소형
1166,강서구,화곡동,46-308,평지,세로장방,세로한면(가),소형
1167,강서구,화곡동,50-72,완경사,세로장방,세로각지(가),소형
1169,강서구,화곡동,50-81,완경사,사다리형,세로한면(가),소형
1170,강서구,화곡동,50-94,완경사,세로장방,세로한면(가),소형
1173,강서구,화곡동,55-71,완경사,세로장방,세로한면(가),소형
1175,강서구,화곡동,55-95,완경사,정방형,세로한면(가),소형
1176,강서구,화곡동,56-16,완경사,정방형,세로각지(가),소형
1178,강서구,화곡동,56-85,완경사,세로장방,세로한면(가),소형
1184,강서구,화곡동,56-224,완경사,세로장방,세로한면(가),소형
1189,강서구,화곡동,56-424,완경사,세로장방,세로한면(가),
1190,강서구,화곡동,56-489,완경사,가로장방,세로각지(가),소형
1191,강서구,화곡동,56-493,완경사,사다리형,세로각지(가),
1192,강서구,화곡동,56-509,완경사,세로장방,세로한면(가),소형
1193,강서구,화곡동,56-522,완경사,세로장방,세로한면(가),소형
1194,강서구,화곡동,56-542,완경사,자루형,세로한면(가),소형
1196,강서구,화곡동,57-21,완경사,세로장방,세로한면(가),소형
1198,강서구,화곡동,59-39,평지,자루형,세로한면(가),소형
1200,강서구,화곡동,61-89,완경사,정방형,세로한면(가),소형
1201,강서구,화곡동,61-113,평지,정방형,소로한면,중형
1202,강서구,화곡동,95-102,완경사,세로장방,세로한면(가),소형
1203,강서구,화곡동,98-31,평지,사다리형,세로한면(가),소형
1205,강서구,화곡동,102-170,완경사,가로장방,세로한면(가),
1206,강서구,화곡동,102-356,완경사,가로장방,세로한면(가),소형
1207,강서구,화곡동,105-437,완경사,사다리형,세로한면(불),소형
1209,강서구,화곡동,105-426,완경사,세로장방,세로한면(가),
1210,강서구,화곡동,151-12,완경사,세로장방,세로한면(가),소형
1211,강서구,화곡동,156-27,완경사,세로장방,세로한면(가),소형
1212,강서구,화곡동,156-29,완경사,세로장방,소로한면,중형
1213,강서구,화곡동,158-10,완경사,정방형,세로각지(가),
1214,강서구,화곡동,158-27,완경사,세로장방,세로한면(가),소형
1215,강서구,화곡동,158-46,완경사,정방형,세로한면(가),
1218,강서구,화곡동,167-41,완경사,가로장방,소로각지,중형
1219,강서구,화곡동,167-42,완경사,가로장방,세로각지(가),
1221,강서구,화곡동,351-11,완경사,세로장방,세로한면(가),소형
1225,강서구,화곡동,359-41,평지,세로장방,세로한면(가),소형
1227,강서구,화곡동,366-95,평지,세로장방,세로각지(가),소형
1228,강서구,화곡동,368-71,평지,세로장방,세로한면(가),소형
1229,강서구,화곡동,369-13,평지,세로장방,세로한면(가),소형
1230,강서구,화곡동,369-22,평지,세로장방,세로한면(가),소형
1235,강서구,화곡동,395-2,완경사,사다리형,세로한면(가),소형
1236,강서구,화곡동,397-26,평지,세로장방,세로한면(가),
1238,강서구,화곡동,408-83,완경사,가로장방,세로한면(불),소형
1239,강서구,화곡동,409-50,완경사,세로장방,세로한면(가),소형
1240,강서구,화곡동,409-145,완경사,세로장방,세로한면(불),소형
1241,강서구,화곡동,409-224,완경사,가로장방,세로한면(가),소형
1242,강서구,화곡동,410-11,완경사,세로장방,세로한면(가),소형
1244,강서구,화곡동,410-176,완경사,정방형,세로한면(불),소형
1246,강서구,화곡동,410-208,완경사,가로장방,세로각지(가),소형
1248,강서구,화곡동,424-158,평지,세로장방,세로한면(가),
1249,강서구,화곡동,452-13,완경사,세로장방,소로한면,중형
1250,강서구,화곡동,454-7,완경사,세로장방,소로한면,중형
1251,강서구,화곡동,455-18,완경사,세로장방,세로한면(가),소형
1253,강서구,화곡동,459-10,완경사,가로장방,세로한면(불),
1255,강서구,화곡동,465-17,평지,정방형,세로한면(가),소형
1263,강서구,화곡동,504-35,완경사,세로장방,세로한면(가),소형
1264,강서구,화곡동,504-153,완경사,사다리형,세로한면(가),소형
1266,강서구,화곡동,772-29,완경사,세로장방,세로각지(가),
1267,강서구,화곡동,772-38,완경사,정방형,세로한면(가),소형
1272,강서구,화곡동,814-35,평지,사다리형,세로각지(가),소형
1274,강서구,화곡동,821-27,평지,정방형,소로한면,중형
1276,강서구,화곡동,826-3,평지,세로장방,세로한면(가),소형
1279,강서구,화곡동,845-34,평지,세로장방,세로한면(불),소형
1280,강서구,화곡동,846-45,평지,세로장방,세로각지(가),소형
1281,강서구,화곡동,850-4,평지,세로장방,소로한면,중형
1282,강서구,화곡동,852-28,평지,가로장방,세로한면(가),소형
1283,강서구,화곡동,858-22,평지,자루형,세로한면(가),소형
1284,강서구,화곡동,866-16,평지,자루형,소로한면,
1285,강서구,화곡동,869-34,완경사,자루형,세로한면(가),소형
1287,강서구,화곡동,895-5,평지,세로장방,소로한면,중형
1288,강서구,화곡동,900-36,평지,세로장방,세로한면(가),소형
1289,강서구,화곡동,910-6,평지,세로장방,세로한면(가),소형
1291,강서구,화곡동,911-4,평지,자루형,세로한면(가),소형
1293,강서구,화곡동,924-12,평지,세로장방,세로한면(가),소형
1294,강서구,화곡동,934-11,평지,가로장방,세로한면(가),소형
1295,강서구,화곡동,934-29,평지,자루형,중로한면,소형
1296,강서구,화곡동,936-31,평지,정방형,세로한면(가),소형
1297,강서구,화곡동,961-2,완경사,가로장방,세로한면(가),소형
1298,강서구,화곡동,963-7,평지,정방형,세로한면(가),소형
1299,강서구,화곡동,964-9,평지,정방형,소로각지,중형
1303,강서구,화곡동,975-15,평지,가로장방,세로각지(가),소형
1304,강서구,화곡동,975-19,평지,정방형,세로각지(가),소형
1306,강서구,화곡동,985-9,완경사,사다리형,세로한면(가),소형
1307,강서구,화곡동,995-14,평지,세로장방,세로한면(가),소형
1309,강서구,화곡동,1010-9,평지,세로장방,세로한면(가),소형
1310,강서구,화곡동,1015-29,평지,사다리형,세로각지(가),소형
1311,강서구,화곡동,1016-30,평지,세로장방,세로한면(가),소형
1312,강서구,화곡동,1017-10,평지,사다리형,세로한면(가),소형
1314,강서구,화곡동,1018-8,평지,자루형,세로한면(가),소형
1315,강서구,화곡동,1018-11,평지,가로장방,세로한면(가),소형
1316,강서구,화곡동,1018-20,평지,사다리형,세로한면(가),소형
1317,강서구,화곡동,1033-36,평지,사다리형,세로한면(가),소형
1318,강서구,화곡동,1033-40,평지,세로장방,세로한면(가),소형
1319,강서구,화곡동,1036-27,평지,세로장방,소로한면,중형
1322,강서구,화곡동,1040-10,평지,자루형,세로한면(가),소형
1323,강서구,화곡동,1040-11,평지,세로장방,세로한면(가),소형
1324,강서구,화곡동,1041-26,평지,자루형,세로한면(가),소형
1325,강서구,화곡동,1043-4,평지,세로장방,세로한면(가),소형
1326,강서구,화곡동,1049-34,평지,사다리형,세로각지(가),소형
1328,강서구,화곡동,1060-10,평지,가로장방,세로한면(불),소형
1329,강서구,화곡동,1088-3,평지,자루형,세로한면(가),소형
1332,강서구,화곡동,1121-18,평지,세로장방,세로한면(가),
1333,강서구,화곡동,1133-1,완경사,세로장방,세로한면(가),중형
1334,강서구,내발산동,671-24,평지,세로장방,세로한면(가),소형
1335,강서구,내발산동,671-25,평지,세로장방,세로한면(가),소형
1336,강서구,내발산동,687-16,평지,세로장방,세로각지(가),소형
1338,강서구,내발산동,695-2,평지,세로장방,세로한면(가),소형
1339,강서구,내발산동,695-17,평지,정방형,세로한면(불),소형
1340,강서구,내발산동,703-12,평지,정방형,세로한면(가),소형
1341,강서구,내발산동,710-37,평지,사다리형,세로한면(가),소형
1343,강서구,내발산동,721-2,평지,자루형,세로한면(가),소형
922,서대문구,대신동,142-1,완경사,세로장방,중로한면,중형
926,서대문구,연희동,48-58,완경사,부정형,세로한면(가),소형
927,서대문구,연희동,69-20,평지,사다리형,세로한면(가),소형
928,서대문구,연희동,69-72,평지,사다리형,세로한면(가),소형
931,서대문구,연희동,334-70,평지,사다리형,세로한면(가),소형
932,서대문구,연희동,353-81,평지,가로장방,세로한면(불),소형
933,서대문구,연희동,446-268,완경사,세로장방,세로한면(가),소형
979,마포구,서교동,345-25,평지,사다리형,세로한면(불),소형
980,마포구,서교동,461-15,평지,가로장방,세로한면(가),소형
981,마포구,서교동,469-26,평지,정방형,중로각지,대형
982,마포구,서교동,469-58,평지,사다리형,세로한면(가),소형
983,마포구,서교동,473-45,평지,정방형,세로한면(가),
987,마포구,합정동,448-5,평지,정방형,소로한면,중형
988,마포구,망원동,338-23,평지,정방형,세로한면(불),소형
990,마포구,망원동,338-63,평지,정방형,세로한면(가),소형
991,마포구,망원동,380-16,평지,사다리형,세로한면(불),소형
992,마포구,망원동,384-18,평지,가로장방,세로한면(가),소형
993,마포구,망원동,405-42,평지,정방형,세로한면(불),소형
995,마포구,망원동,409-47,평지,가로장방,소로각지,중형
999,마포구,성산동,32-12,완경사,자루형,세로한면(가),소형
1002,마포구,성산동,81-12,완경사,사다리형,세로한면(가),소형
1004,마포구,성산동,81-123,완경사,사다리형,세로한면(가),소형
1005,마포구,성산동,111-2,평지,세로장방,세로한면(가),소형
1009,마포구,성산동,258-31,평지,자루형,세로한면(가),소형
1010,마포구,성산동,586-6,완경사,사다리형,세로한면(가),소형
1011,마포구,성산동,606-9,평지,사다리형,세로한면(가),소형
778,은평구,녹번동,29-86,완경사,세로장방,세로한면(불),소형
779,은평구,녹번동,29-101,완경사,사다리형,세로한면(가),소형
781,은평구,녹번동,82-17,평지,정방형,세로한면(가),소형
782,은평구,녹번동,105-23,평지,사다리형,세로각지(가),소형
787,은평구,불광동,28-3,평지,사다리형,세로한면(불),소형
788,은평구,불광동,105-48,완경사,정방형,세로각지(가),
789,은평구,불광동,181-1,평지,부정형,세로한면(가),소형
790,은평구,불광동,228-15,급경사,세로장방,세로한면(불),소형
796,은평구,불광동,443-66,완경사,가로장방,세로각지(가),소형
800,은평구,불광동,445-402,급경사,세로장방,세로각지(가),소형
801,은평구,불광동,446-16,급경사,사다리형,세로한면(가),소형
805,은평구,갈현동,227-29,완경사,사다리형,세로한면(가),중형
807,은평구,갈현동,266-3,완경사,세로장방,세로한면(가),소형
810,은평구,갈현동,269-5,평지,부정형,소로한면,소형
813,은평구,갈현동,392-27,평지,세로장방,소로한면,중형
817,은평구,갈현동,491-19,평지,가로장방,세로한면(가),소형
818,은평구,갈현동,491-24,평지,가로장방,소로각지,중형
820,은평구,갈현동,504-33,평지,사다리형,세로한면(불),소형
822,은평구,갈현동,522-6,완경사,세로장방,소로각지,중형
827,은평구,갈현동,523-48,완경사,사다리형,세로한면(가),소형
829,은평구,구산동,147-25,완경사,정방형,세로한면(가),소형
831,은평구,구산동,178-20,평지,정방형,세로한면(불),소형
834,은평구,구산동,308-83,급경사,가로장방,세로한면(가),
841,은평구,대조동,197-11,평지,정방형,세로한면(가),소형
843,은평구,대조동,216-7,평지,사다리형,세로한면(가),소형
845,은평구,은암동,81-72,완경사,가로장방,세로각지(가),소형
850,은평구,은암동,227-41,급경사,세로장방,세로한면(가),소형
851,은평구,은암동,227-78,급경사,정방형,세로한면(가),소형
852,은평구,은암동,227-89,급경사,정방형,세로한면(가),
854,은평구,은암동,402-17,평지,정방형,세로한면(가),소형
855,은평구,은암동,402-103,완경사,자루형,소로한면,소형
864,은평구,역촌동,6-8,평지,세로장방,세로한면(가),소형
866,은평구,역촌동,10-8,평지,세로장방,세로각지(가),소형
873,은평구,역촌동,25-71,평지,부정형,세로각지(가),소형
875,은평구,역촌동,41-56,평지,정방형,세로한면(가),소형
880,은평구,역촌동,56-32,평지,사다리형,중로각지,
881,은평구,역촌동,56-36,평지,정방형,세로한면(불),소형
882,은평구,역촌동,56-37,평지,정방형,세로한면(불),소형
884,은평구,역촌동,65-19,평지,세로장방,세로한면(가),
887,은평구,역촌동,77-43,완경사,사다리형,세로한면(가),소형
888,은평구,역촌동,80-33,평지,자루형,세로한면(가),소형
890,은평구,역촌동,81-59,평지,사다리형,세로한면(가),소형
891,은평구,역촌동,84-10,평지,가로장방,세로한면(불),소형
893,은평구,신사동,13-9,평지,세로장방,세로한면(가),중형
896,은평구,신사동,28-21,평지,세로장방,세로한면(가),소형
898,은평구,신사동,30-27,평지,세로장방,세로한면(가),소형
899,은평구,신사동,31-4,평지,정방형,세로한면(가),소형
900,은평구,신사동,31-25,평지,정방형,세로한면(가),소형
901,은평구,신사동,32-26,평지,가로장방,세로한면(불),소형
904,은평구,신사동,201-9,급경사,사다리형,세로한면(가),소형
908,은평구,신사동,337-31,평지,가로장방,세로각지(가),소형
911,은평구,증산동,192-42,완경사,세로장방,세로각지(가),소형
918,서대문구,홍제동,334-40,완경사,정방형,세로한면(가),소형
925,서대문구,연희동,1-5,평지,사다리형,중로한면,대형
930,서대문구,연희동,170-130,평지,세로장방,세로한면(가),소형
936,서대문구,홍은동,191-87,완경사,정방형,세로한면(불),소형
942,서대문구,홍은동,366-11,평지,사다리형,세로한면(불),소형
964,서대문구,남가좌동,331-1,평지,세로장방,세로한면(가),소형
967,서대문구,남가좌동,342-24,평지,가로장방,세로한면(가),소형
710,노원구,상계동,1376-20,급경사,사다리형,세로한면(불),소형
712,노원구,상계동,134-34,완경사,정방형,세로한면(가),소형
713,노원구,상계동,135-9,평지,사다리형,소로한면,중형
716,노원구,상계동,138-164,평지,가로장방,중로한면,중형
722,노원구,상계동,156-14,평지,정방형,세로한면(불),소형
725,노원구,상계동,165-2,평지,사다리형,세로한면(가),소형
726,노원구,상계동,169-353,평지,세로장방,세로한면(가),소형
728,노원구,상계동,357-10,평지,사다리형,세로한면(가),중형
729,노원구,상계동,387-24,평지,정방형,세로한면(불),소형
730,노원구,상계동,387-32,평지,정방형,세로한면(불),소형
737,노원구,상계동,456-64,평지,세로장방,세로한면(가),소형
738,노원구,상계동,456-83,평지,세로장방,세로각지(가),소형
739,노원구,상계동,456-87,평지,세로장방,소로한면,중형
740,노원구,상계동,456-103,평지,세로장방,세로한면(가),소형
741,노원구,상계동,456-150,평지,세로장방,세로한면(가),소형
742,노원구,상계동,456-151,평지,세로장방,세로한면(가),소형
775,노원구,중계동,75-14,평지,사다리형,세로각지(가),소형
776,노원구,중계동,90-65,평지,사다리형,세로한면(가),소형
587,도봉구,쌍문동,708-29,평지,세로장방,소로한면,중형
589,도봉구,쌍문동,712-22,평지,세로장방,세로한면(가),소형
594,도봉구,방학동,601-9,평지,세로장방,세로한면(불),소형
598,도봉구,방학동,605-18,평지,부정형,세로각지(가),소형
599,도봉구,방학동,605-21,평지,정방형,세로한면(가),소형
602,도봉구,방학동,610-23,평지,정방형,세로각지(가),소형
606,도봉구,방학동,623-17,평지,세로장방,세로한면(가),소형
607,도봉구,방학동,623-24,평지,정방형,세로한면(가),소형
610,도봉구,방학동,627-6,평지,세로장방,세로한면(가),소형
612,도봉구,방학동,629-14,평지,자루형,세로한면(가),소형
613,도봉구,방학동,630-37,평지,세로장방,세로한면(가),소형
616,도봉구,방학동,632-73,평지,가로장방,세로한면(가),소형
621,도봉구,방학동,640-43,평지,세로장방,세로한면(가),소형
622,도봉구,방학동,643-26,평지,사다리형,소로각지,중형
625,도봉구,방학동,658-1,평지,사다리형,소로한면,중형
626,도봉구,방학동,660-28,평지,자루형,소로한면,소형
627,도봉구,방학동,681-34,평지,사다리형,세로한면(가),소형
629,도봉구,방학동,685-50,평지,정방형,세로한면(불),소형
630,도봉구,방학동,686-12,평지,자루형,세로한면(가),소형
631,도봉구,방학동,690-20,평지,정방형,세로한면(가),소형
632,도봉구,방학동,693-5,평지,사다리형,세로각지(가),소형
633,도봉구,방학동,693-15,평지,정방형,세로한면(가),소형
634,도봉구,방학동,693-19,평지,세로장방,세로한면(가),소형
637,도봉구,방학동,700-11,평지,세로장방,세로한면(가),소형
638,도봉구,방학동,700-63,평지,세로장방,세로한면(불),소형
662,도봉구,도봉동,558-9,평지,세로장방,세로한면(불),소형
664,도봉구,도봉동,564-13,평지,사다리형,세로한면(가),소형
668,도봉구,도봉동,570-21,평지,세로장방,세로한면(가),소형
669,도봉구,도봉동,574-26,평지,사다리형,세로각지(가),소형
675,도봉구,도봉동,602-39,평지,세로장방,세로한면(가),소형
677,도봉구,도봉동,604-30,평지,사다리형,세로한면(가),소형
678,도봉구,도봉동,605-2,평지,사다리형,소로한면,중형
681,도봉구,도봉동,608-9,평지,정방형,세로한면(가),소형
682,도봉구,도봉동,613-7,평지,세로장방,세로한면(가),소형
683,도봉구,도봉동,615-47,평지,정방형,세로한면(가),소형
684,도봉구,도봉동,616-6,평지,자루형,세로한면(가),
685,도봉구,도봉동,616-7,평지,자루형,세로한면(가),소형
687,도봉구,도봉동,622-23,평지,가로장방,세로한면(가),소형
688,도봉구,도봉동,623-160,평지,정방형,세로한면(불),소형
764,노원구,상계동,1054-37,평지,사다리형,세로한면(가),소형
765,노원구,상계동,1086-5,평지,가로장방,세로한면(가),소형
766,노원구,상계동,1086-7,평지,사다리형,세로한면(가),소형
767,노원구,상계동,1086-19,평지,가로장방,세로한면(가),소형
768,노원구,상계동,1086-22,평지,사다리형,세로한면(가),소형
770,노원구,상계동,1105-26,평지,세로장방,소로각지,중형
771,노원구,상계동,1105-27,평지,사다리형,소로각지,중형
409,강북구,미아동,129-39,평지,정방형,세로각지(가),소형
433,강북구,미아동,791-3224,완경사,사다리형,소로각지,중형
452,강북구,수유동,125-10,평지,세로장방,소로한면,중형
454,강북구,수유동,166-9,평지,정방형,세로한면(가),소형
455,강북구,수유동,166-13,평지,세로장방,세로한면(가),소형
457,강북구,수유동,175-45,평지,정방형,세로각지(가),소형
462,강북구,수유동,270-70,평지,사다리형,세로각지(가),소형
469,강북구,수유동,291-14,평지,가로장방,세로한면(가),소형
473,강북구,수유동,313-43,평지,사다리형,세로각지(가),소형
474,강북구,수유동,335-6,평지,자루형,세로한면(가),
478,강북구,수유동,363-6,평지,사다리형,세로한면(가),소형
479,강북구,수유동,391-339,평지,사다리형,세로한면(가),소형
494,강북구,수유동,475-124,평지,사다리형,세로한면(가),
508,강북구,수유동,527-49,완경사,정방형,세로한면(불),소형
509,강북구,수유동,536-27,평지,사다리형,소로한면,중형
510,강북구,수유동,540-46,평지,가로장방,세로한면(가),소형
511,강북구,수유동,542-3,평지,사다리형,세로한면(가),
515,강북구,수유동,567-20,평지,정방형,세로각지(가),소형
516,강북구,수유동,567-27,평지,세로장방,세로한면(가),소형
517,강북구,수유동,567-42,평지,자루형,세로한면(가),소형
537,강북구,우의동,53-5,평지,사다리형,세로한면(가),소형
543,강북구,우의동,109-1,평지,부정형,세로각지(가),
544,강북구,우의동,117-4,평지,사다리형,세로한면(가),소형
552,도봉구,쌍문동,75-52,평지,자루형,세로한면(가),소형
553,도봉구,쌍문동,81-164,평지,가로장방,세로한면(가),소형
557,도봉구,쌍문동,123-73,평지,가로장방,세로한면(가),소형
560,도봉구,쌍문동,137-226,평지,세로장방,소로한면,중형
561,도봉구,쌍문동,286-22,평지,정방형,세로각지(가),소형
562,도봉구,쌍문동,291-2,평지,세로장방,세로한면(불),소형
564,도봉구,쌍문동,315-181,평지,세로장방,세로각지(가),소형
566,도봉구,쌍문동,357-35,평지,사다리형,세로한면(가),소형
567,도봉구,쌍문동,361-17,평지,세로장방,세로한면(가),소형
568,도봉구,쌍문동,414-45,평지,사다리형,세로한면(가),소형
569,도봉구,쌍문동,423-49,평지,가로장방,세로한면(가),소형
570,도봉구,쌍문동,460-23,완경사,세로장방,세로각지(가),소형
571,도봉구,쌍문동,460-129,평지,사다리형,소로각지,중형
572,도봉구,쌍문동,460-175,완경사,사다리형,세로한면(가),소형
738,노원구,상계동,456-83,평지,세로장방,세로각지(가),소형
400,성북구,장위동,233-281,평지,정방형,세로한면(가),소형
408,성북구,석관동,340-280,완경사,사다리형,세로각지(가),소형
692,노원구,월계동,534-57,완경사,정방형,세로각지(가),소형
693,노원구,월계동,534-78,평지,정방형,세로한면(가),소형
340,성북구,정릉동,254-85,완경사,사다리형,세로한면(불),소형
341,성북구,정릉동,254-93,완경사,사다리형,세로한면(불),소형
342,성북구,정릉동,266-55,평지,사다리형,소로각지,
343,성북구,정릉동,266-335,완경사,세로장방,세로한면(불),소형
344,성북구,정릉동,266-338,완경사,사다리형,세로한면(가),소형
347,성북구,정릉동,409-1,완경사,사다리형,세로한면(불),소형
356,성북구,정릉동,788-11,완경사,사다리형,세로한면(가),소형
358,성북구,정릉동,822-14,완경사,사다리형,세로한면(가),소형
105,광진구,자양동,635-9,평지,세로장방,세로한면(가),
121,동대문구,전농동,55-12,평지,부정형,세로각지(가),소형
158,동대문구,장안동,404-14,평지,세로장방,소로한면,중형
164,동대문구,휘경동,286-139,평지,정방형,세로각지(가),소형
166,동대문구,이문동,63-10,평지,자루형,소로한면,
168,중랑구,면목동,42-37,평지,세로장방,소로한면,중형
169,중랑구,면목동,43-44,평지,가로장방,세로한면(가),소형
178,중랑구,면목동,113-63,평지,가로장방,세로한면(가),소형
184,중랑구,면목동,144-14,평지,가로장방,세로한면(불),소형
188,중랑구,면목동,177-24,평지,세로장방,세로한면(가),소형
189,중랑구,면목동,177-35,평지,세로장방,세로한면(가),소형
194,중랑구,면목동,191-115,평지,정방형,세로한면(가),소형
199,중랑구,면목동,379-17,평지,세로장방,소로각지,중형
200,중랑구,면목동,436-26,평지,세로장방,세로한면(가),소형
211,중랑구,상봉동,124-43,평지,정방형,세로한면(가),소형
212,중랑구,상봉동,124-56,평지,세로장방,세로각지(가),소형
228,중랑구,중화동,10-17,평지,사다리형,세로한면(가),소형
229,중랑구,중화동,34-4,평지,사다리형,세로한면(가),중형
230,중랑구,중화동,110-69,평지,사다리형,세로한면(가),소형
231,중랑구,중화동,135-21,평지,사다리형,세로한면(가),소형
232,중랑구,중화동,158-54,평지,세로장방,세로한면(가),소형
236,중랑구,중화동,286-15,평지,정방형,세로한면(불),소형
249,중랑구,중화동,332-51,평지,세로장방,세로각지(가),소형
279,중랑구,망우동,153-22,평지,세로장방,세로각지(가),소형
280,중랑구,망우동,184-8,평지,세로장방,중로한면,중형
284,중랑구,망우동,419-28,평지,사다리형,세로각지(가),소형
286,중랑구,망우동,431-34,평지,정방형,세로한면(가),소형
296,중랑구,망우동,460-12,평지,자루형,세로한면(가),소형
297,중랑구,망우동,464-43,평지,사다리형,세로한면(가),소형
299,중랑구,망우동,493-10,평지,정방형,소로각지,중형
300,중랑구,망우동,509-25,평지,정방형,소로한면,중형
303,중랑구,망우동,521-18,평지,사다리형,세로각지(가),소형
307,중랑구,망우동,523-41,평지,정방형,세로한면(가),소형
310,중랑구,신내동,441-2,평지,사다리형,세로한면(가),
700,노원구,공릉동,415-69,평지,세로장방,세로한면(가),소형
703,노원구,하계동,61-20,평지,정방형,세로각지(가),소형
706,노원구,하계동,161-3,평지,사다리형,중로한면,대형
2050,강동구,고덕동,165-1,평지,세로장방,,
2052,강동구,고덕동,175-3,평지,세로장방,세로한면(가),소형
2053,강동구,고덕동,237-2,평지,가로장방,세로한면(가),소형
2055,강동구,고덕동,238-6,평지,세로장방,세로한면(가),소형
2056,강동구,고덕동,259-7,평지,세로장방,소로한면,중형
2057,강동구,고덕동,260-4,평지,세로장방,소로한면,
2059,강동구,고덕동,270-2,평지,세로장방,소로한면,중형
2062,강동구,고덕동,282-4,평지,세로장방,,
2063,강동구,고덕동,294-5,평지,정방형,중로각지,중형
972,마포구,도화동,184-20,평지,사다리형,세로한면(가),소형
975,마포구,염리동,27-125,완경사,사다리형,세로한면(불),소형
976,마포구,염리동,178-1,평지,사다리형,세로한면(가),소형
977,마포구,신수동,62-8,평지,사다리형,세로한면(가),소형
915,서대문구,홍제동,267-119,완경사,부정형,세로한면(가),소형
935,서대문구,홍은동,9-234,평지,사다리형,세로한면(가),소형
122,동대문구,전농동,257-4,평지,사다리형,세로한면(가),소형
127,동대문구,답십리동,463-28,평지,세로장방,세로한면(불),소형
162,동대문구,회기동,102-42,완경사,사다리형,세로한면(가),소형
163,동대문구,회기동,102-43,완경사,사다리형,세로한면(가),소형
312,성북구,성북동,111-26,완경사,자루형,세로한면(가),소형
313,성북구,돈암동,2-21,완경사,사다리형,세로한면(불),소형
330,성북구,정릉동,16-221,평지,세로장방,세로각지(가),소형
352,성북구,정릉동,508-26,완경사,세로장방,소로한면,중형
373,성북구,종암동,125-58,완경사,정방형,세로한면(가),소형
374,성북구,종암동,125-84,평지,세로장방,소로한면,중형
